datetime,PM2.5,PM10,O3,NO2,SO2,CO,temperature,humidity
2026/1/1 0:00,38,59,14,35,3,0.9,-5.8,47
2026/1/1 1:00,41,63,12,37,3,0.9,-6.2,46
2026/1/1 2:00,44,66,10,40,3,1,-6.5,45
2026/1/1 3:00,46,69,9,42,3,1,-6.8,44
2026/1/1 4:00,48,71,8,43,3,1.1,-7,43
2026/1/1 5:00,49,73,7,44,3,1.1,-7.2,43
2026/1/1 6:00,48,72,7,43,3,1.1,-7.3,42
2026/1/1 7:00,45,69,9,40,3,1,-6.9,43
2026/1/1 8:00,41,64,12,36,3,0.9,-5.7,46
2026/1/1 9:00,35,56,18,30,2,0.8,-3.5,51
2026/1/1 10:00,29,48,25,24,2,0.7,-1.2,57
2026/1/1 11:00,24,41,31,19,2,0.6,1,63
2026/1/1 12:00,20,36,37,16,2,0.5,2.6,67
2026/1/1 13:00,18,33,41,14,2,0.5,3.4,65
2026/1/1 14:00,17,31,44,13,2,0.4,3.8,63
2026/1/1 15:00,18,32,43,14,2,0.4,3.6,64
2026/1/1 16:00,21,36,38,17,2,0.5,2.8,67
2026/1/1 17:00,26,43,31,22,2,0.6,1.2,72
2026/1/1 18:00,32,52,23,28,2,0.7,-0.8,78
2026/1/1 19:00,38,61,17,34,3,0.8,-2.5,83
2026/1/1 20:00,41,66,14,37,3,0.8,-3.8,86
2026/1/1 21:00,43,69,12,39,3,0.9,-4.6,88
2026/1/1 22:00,45,71,11,41,3,0.9,-5.1,89
2026/1/1 23:00,46,73,10,42,3,1,-5.5,90
2026/1/2 0:00,48,75,9,43,3,1,-5.8,91
2026/1/2 1:00,49,77,8,44,3,1.1,-6.1,92
2026/1/2 2:00,50,78,7,45,3,1.1,-6.3,92
2026/1/2 3:00,51,80,7,46,3,1.2,-6.5,93
2026/1/2 4:00,52,81,6,47,3,1.2,-6.7,93
2026/1/2 5:00,52,81,5,47,3,1.2,-6.8,93
2026/1/2 6:00,51,80,6,46,3,1.1,-6.6,92
2026/1/2 7:00,48,77,8,43,3,1,-6,90
2026/1/2 8:00,44,72,12,38,3,0.9,-4.8,86
2026/1/2 9:00,38,65,18,32,2,0.8,-2.7,80
2026/1/2 10:00,32,56,25,25,2,0.7,-0.5,73
2026/1/2 11:00,27,48,32,20,2,0.6,1.6,66
2026/1/2 12:00,23,42,38,16,2,0.5,3.1,61
2026/1/2 13:00,20,38,42,14,2,0.5,3.9,58
2026/1/2 14:00,19,36,45,13,2,0.4,4.2,56
2026/1/2 15:00,20,37,44,14,2,0.4,4,57
2026/1/2 16:00,23,41,39,17,2,0.5,3.2,61
2026/1/2 17:00,29,49,32,23,2,0.6,1.7,68
2026/1/2 18:00,35,58,24,30,3,0.7,-0.3,75
2026/1/2 19:00,41,67,18,36,3,0.8,-2,82
2026/1/2 20:00,44,71,15,39,3,0.8,-3.3,85
2026/1/2 21:00,46,74,13,41,3,0.9,-4.1,87
2026/1/2 22:00,48,76,12,42,3,0.9,-4.6,88
2026/1/2 23:00,49,78,11,43,3,1,-5,89
2026/1/3 0:00,50,79,10,44,3,1,-5.3,90
2026/1/3 1:00,51,81,9,45,3,1.1,-5.6,91
2026/1/3 2:00,52,82,8,46,3,1.1,-5.8,92
2026/1/3 3:00,53,83,8,47,3,1.2,-6,92
2026/1/3 4:00,53,84,7,48,3,1.2,-6.2,93
2026/1/3 5:00,54,84,6,48,3,1.2,-6.3,93
2026/1/3 6:00,53,83,7,47,3,1.1,-6.1,92
2026/1/3 7:00,50,80,9,44,3,1,-5.5,90
2026/1/3 8:00,46,75,13,39,3,0.9,-4.3,86
2026/1/3 9:00,40,68,19,33,2,0.8,-2.2,80
2026/1/3 10:00,34,59,26,26,2,0.7,0,73
2026/1/3 11:00,28,51,33,21,2,0.6,2.1,66
2026/1/3 12:00,24,44,39,17,2,0.5,3.6,61
2026/1/3 13:00,21,40,43,15,2,0.5,4.3,58
2026/1/3 14:00,20,38,46,14,2,0.4,4.6,56
2026/1/3 15:00,21,39,45,15,2,0.4,4.4,57
2026/1/3 16:00,24,43,40,18,2,0.5,3.6,61
2026/1/3 17:00,30,50,33,24,3,0.6,2,68
2026/1/3 18:00,36,59,25,31,3,0.7,0,75
2026/1/3 19:00,42,68,19,37,3,0.8,-1.7,82
2026/1/3 20:00,45,72,16,40,3,0.8,-3,85
2026/1/3 21:00,47,75,14,42,3,0.9,-3.8,87
2026/1/3 22:00,49,77,13,43,3,0.9,-4.3,88
2026/1/3 23:00,50,79,12,44,3,1,-4.7,89
2026/1/4 0:00,51,80,11,45,3,1,-5,90
2026/1/4 1:00,52,82,10,46,3,1.1,-5.3,91
2026/1/4 2:00,53,83,9,47,3,1.1,-5.5,92
2026/1/4 3:00,54,84,8,48,3,1.2,-5.7,92
2026/1/4 4:00,54,85,8,49,3,1.2,-5.9,93
2026/1/4 5:00,55,85,7,49,3,1.2,-6,93
2026/1/4 6:00,54,84,8,48,3,1.1,-5.8,92
2026/1/4 7:00,51,81,10,45,3,1,-5.2,90
2026/1/4 8:00,47,76,14,40,3,0.9,-4,86
2026/1/4 9:00,41,69,20,34,2,0.8,-1.9,80
2026/1/4 10:00,35,60,27,27,2,0.7,0.3,73
2026/1/4 11:00,29,52,34,22,2,0.6,2.4,66
2026/1/4 12:00,25,45,40,18,2,0.5,3.9,61
2026/1/4 13:00,22,41,44,16,2,0.5,4.6,58
2026/1/4 14:00,21,39,47,15,2,0.4,4.9,56
2026/1/4 15:00,22,40,46,16,2,0.4,4.7,57
2026/1/4 16:00,25,44,41,19,2,0.5,3.9,61
2026/1/4 17:00,31,51,34,25,3,0.6,2.3,68
2026/1/4 18:00,37,60,26,32,3,0.7,0.3,75
2026/1/4 19:00,43,69,20,38,3,0.8,-1.4,82
2026/1/4 20:00,46,73,17,41,3,0.8,-2.7,85
2026/1/4 21:00,48,76,15,43,3,0.9,-3.5,87
2026/1/4 22:00,49,78,14,44,3,0.9,-4,88
2026/1/4 23:00,50,80,13,45,3,1,-4.4,89
2026/1/5 0:00,51,81,12,46,3,1,-4.7,90
2026/1/5 1:00,52,83,11,47,3,1.1,-5,91
2026/1/5 2:00,53,84,10,48,3,1.1,-5.2,92
2026/1/5 3:00,54,85,9,49,3,1.2,-5.4,92
2026/1/5 4:00,55,86,9,50,3,1.2,-5.6,93
2026/1/5 5:00,55,86,8,50,3,1.2,-5.7,93
2026/1/5 6:00,54,85,9,49,3,1.1,-5.5,92
2026/1/5 7:00,51,82,11,46,3,1,-4.9,90
2026/1/5 8:00,47,77,15,41,3,0.9,-3.7,86
2026/1/5 9:00,41,70,21,35,2,0.8,-1.6,80
2026/1/5 10:00,35,61,28,28,2,0.7,0.6,73
2026/1/5 11:00,29,53,35,23,2,0.6,2.7,66
2026/1/5 12:00,25,46,41,19,2,0.5,4.1,61
2026/1/5 13:00,22,42,45,17,2,0.5,4.8,58
2026/1/5 14:00,21,40,48,16,2,0.4,5.1,56
2026/1/5 15:00,22,41,47,17,2,0.4,4.9,57
2026/1/5 16:00,25,45,42,20,2,0.5,4.1,61
2026/1/5 17:00,31,52,35,26,3,0.6,2.5,68
2026/1/5 18:00,37,61,27,33,3,0.7,0.5,75
2026/1/5 19:00,43,70,21,39,3,0.8,-1.2,82
2026/1/5 20:00,46,74,18,42,3,0.8,-2.5,85
2026/1/5 21:00,48,77,16,44,3,0.9,-3.3,87
2026/1/5 22:00,50,79,15,45,3,0.9,-3.8,88
2026/1/5 23:00,51,81,14,46,3,1,-4.2,89
2026/1/6 0:00,52,82,13,47,3,1,-4.5,90
2026/1/6 1:00,53,84,12,48,3,1.1,-4.8,91
2026/1/6 2:00,54,85,11,49,3,1.1,-5,92
2026/1/6 3:00,55,86,10,50,3,1.2,-5.2,92
2026/1/6 4:00,55,87,10,51,3,1.2,-5.4,93
2026/1/6 5:00,56,87,9,51,3,1.2,-5.5,93
2026/1/6 6:00,55,86,10,50,3,1.1,-5.3,92
2026/1/6 7:00,52,83,12,47,3,1,-4.7,90
2026/1/6 8:00,48,78,16,42,3,0.9,-3.5,86
2026/1/6 9:00,42,71,22,36,2,0.8,-1.3,80
2026/1/6 10:00,36,62,29,29,2,0.7,0.9,73
2026/1/6 11:00,30,54,36,24,2,0.6,3,66
2026/1/6 12:00,26,47,42,20,2,0.5,4.4,61
2026/1/6 13:00,23,43,46,18,2,0.5,5.1,58
2026/1/6 14:00,22,41,49,17,2,0.4,5.4,56
2026/1/6 15:00,23,42,48,18,2,0.4,5.2,57
2026/1/6 16:00,26,46,43,21,2,0.5,4.4,61
2026/1/6 17:00,32,53,36,27,3,0.6,2.8,68
2026/1/6 18:00,38,62,28,34,3,0.7,0.8,75
2026/1/6 19:00,44,71,22,40,3,0.8,-0.9,82
2026/1/6 20:00,47,75,19,43,3,0.8,-2.2,85
2026/1/6 21:00,49,78,17,45,3,0.9,-3,87
2026/1/6 22:00,51,80,16,46,3,0.9,-3.5,88
2026/1/6 23:00,52,82,15,47,3,1,-3.9,89
2026/1/7 0:00,53,83,14,48,3,1,-4.2,90
2026/1/7 1:00,54,85,13,49,3,1.1,-4.5,91
2026/1/7 2:00,55,86,12,50,3,1.1,-4.7,92
2026/1/7 3:00,56,87,11,51,3,1.2,-4.9,92
2026/1/7 4:00,56,88,11,52,3,1.2,-5.1,93
2026/1/7 5:00,57,88,10,52,3,1.2,-5.2,93
2026/1/7 6:00,56,87,11,51,3,1.1,-5,92
2026/1/7 7:00,53,84,13,48,3,1,-4.4,90
2026/1/7 8:00,49,79,17,43,3,0.9,-3.2,86
2026/1/7 9:00,43,72,23,37,2,0.8,-1,80
2026/1/7 10:00,37,63,30,30,2,0.7,1.2,73
2026/1/7 11:00,31,55,37,25,2,0.6,3.3,66
2026/1/7 12:00,27,48,43,21,2,0.5,4.7,61
2026/1/7 13:00,24,44,47,19,2,0.5,5.4,58
2026/1/7 14:00,23,42,50,18,2,0.4,5.7,56
2026/1/7 15:00,24,43,49,19,2,0.4,5.5,57
2026/1/7 16:00,27,47,44,22,2,0.5,4.7,61
2026/1/7 17:00,33,54,37,28,3,0.6,3.1,68
2026/1/7 18:00,39,63,29,35,3,0.7,1.1,75
2026/1/7 19:00,45,72,23,41,3,0.8,-0.6,82
2026/1/7 20:00,48,76,20,44,3,0.8,-1.9,85
2026/1/7 21:00,50,79,18,46,3,0.9,-2.7,87
2026/1/7 22:00,51,81,17,47,3,0.9,-3.2,88
2026/1/7 23:00,52,83,16,48,3,1,-3.6,89
2026/1/8 0:00,53,84,15,49,3,1,-3.9,90
2026/1/8 1:00,54,86,14,50,3,1.1,-4.2,91
2026/1/8 2:00,55,87,13,51,3,1.1,-4.4,92
2026/1/8 3:00,56,88,12,52,3,1.2,-4.6,92
2026/1/8 4:00,57,89,12,53,3,1.2,-4.8,93
2026/1/8 5:00,57,89,11,53,3,1.2,-4.9,93
2026/1/8 6:00,56,88,12,52,3,1.1,-4.7,92
2026/1/8 7:00,53,85,14,49,3,1,-4.1,90
2026/1/8 8:00,49,80,18,44,3,0.9,-2.9,86
2026/1/8 9:00,43,73,24,38,2,0.8,-0.7,80
2026/1/8 10:00,37,64,31,31,2,0.7,1.5,73
2026/1/8 11:00,31,56,38,26,2,0.6,3.6,66
2026/1/8 12:00,27,49,44,22,2,0.5,5,61
2026/1/8 13:00,24,45,48,20,2,0.5,5.7,58
2026/1/8 14:00,23,43,51,19,2,0.4,6,56
2026/1/8 15:00,24,44,50,20,2,0.4,5.8,57
2026/1/8 16:00,27,48,45,23,2,0.5,5,61
2026/1/8 17:00,33,55,38,29,3,0.6,3.4,68
2026/1/8 18:00,39,64,30,36,3,0.7,1.4,75
2026/1/8 19:00,45,73,24,42,3,0.8,-0.3,82
2026/1/8 20:00,48,77,21,45,3,0.8,-1.6,85
2026/1/8 21:00,50,80,19,47,3,0.9,-2.4,87
2026/1/8 22:00,52,82,18,48,3,0.9,-2.9,88
2026/1/8 23:00,53,84,17,49,3,1,-3.3,89
2026/1/9 0:00,54,85,16,50,3,1,-3.6,90
2026/1/9 1:00,55,87,15,51,3,1.1,-3.9,91
2026/1/9 2:00,56,88,14,52,3,1.1,-4.1,92
2026/1/9 3:00,57,89,13,53,3,1.2,-4.3,92
2026/1/9 4:00,57,90,13,54,3,1.2,-4.5,93
2026/1/9 5:00,58,90,12,54,3,1.2,-4.6,93
2026/1/9 6:00,57,89,13,53,3,1.1,-4.4,92
2026/1/9 7:00,54,86,15,50,3,1,-3.8,90
2026/1/9 8:00,50,81,19,45,3,0.9,-2.6,86
2026/1/9 9:00,44,74,25,39,2,0.8,-0.4,80
2026/1/9 10:00,38,65,32,32,2,0.7,1.8,73
2026/1/9 11:00,32,57,39,27,2,0.6,3.9,66
2026/1/9 12:00,28,50,45,23,2,0.5,5.3,61
2026/1/9 13:00,25,46,49,21,2,0.5,6,58
2026/1/9 14:00,24,44,52,20,2,0.4,6.3,56
2026/1/9 15:00,25,45,51,21,2,0.4,6.1,57
2026/1/9 16:00,28,49,46,24,2,0.5,5.3,61
2026/1/9 17:00,34,56,39,30,3,0.6,3.7,68
2026/1/9 18:00,40,65,31,37,3,0.7,1.7,75
2026/1/9 19:00,46,74,25,43,3,0.8,0,82
2026/1/9 20:00,49,78,22,46,3,0.8,-1.3,85
2026/1/9 21:00,51,81,20,48,3,0.9,-2.1,87
2026/1/9 22:00,53,83,19,49,3,0.9,-2.6,88
2026/1/9 23:00,54,85,18,50,3,1,-3,89
2026/1/10 0:00,55,86,17,51,3,1,-3.3,90
2026/1/10 1:00,56,88,16,52,3,1.1,-3.6,91
2026/1/10 2:00,57,89,15,53,3,1.1,-3.8,92
2026/1/10 3:00,58,90,14,54,3,1.2,-4,92
2026/1/10 4:00,58,91,14,55,3,1.2,-4.2,93
2026/1/10 5:00,59,91,13,55,3,1.2,-4.3,93
2026/1/10 6:00,58,90,14,54,3,1.1,-4.1,92
2026/1/10 7:00,55,87,16,51,3,1,-3.5,90
2026/1/10 8:00,51,82,20,46,3,0.9,-2.3,86
2026/1/10 9:00,45,75,26,40,2,0.8,-0.1,80
2026/1/10 10:00,39,66,33,33,2,0.7,2.1,73
2026/1/10 11:00,33,58,40,28,2,0.6,4.2,66
2026/1/10 12:00,29,51,46,24,2,0.5,5.6,61
2026/1/10 13:00,26,47,50,22,2,0.5,6.3,58
2026/1/10 14:00,25,45,53,21,2,0.4,6.6,56
2026/1/10 15:00,26,46,52,22,2,0.4,6.4,57
2026/1/10 16:00,29,50,47,25,2,0.5,5.6,61
2026/1/10 17:00,35,57,40,31,3,0.6,4,68
2026/1/10 18:00,41,66,32,38,3,0.7,2,75
2026/1/10 19:00,47,75,26,44,3,0.8,0.2,82
2026/1/10 20:00,50,79,23,47,3,0.8,-1,85
2026/1/10 21:00,52,82,21,49,3,0.9,-1.8,87
2026/1/10 22:00,53,84,20,50,3,0.9,-2.3,88
2026/1/10 23:00,54,86,19,51,3,1,-2.7,89
2026/1/11 0:00,55,87,18,52,3,1,-3,90
2026/1/11 1:00,56,89,17,53,3,1.1,-3.3,91
2026/1/11 2:00,57,90,16,54,3,1.1,-3.5,92
2026/1/11 3:00,58,91,15,55,3,1.2,-3.7,92
2026/1/11 4:00,59,92,15,56,3,1.2,-3.9,93
2026/1/11 5:00,59,92,14,56,3,1.2,-4,93
2026/1/11 6:00,58,91,15,55,3,1.1,-3.8,92
2026/1/11 7:00,55,88,17,52,3,1,-3.2,90
2026/1/11 8:00,51,83,21,47,3,0.9,-2,86
2026/1/11 9:00,45,76,27,41,2,0.8,0.2,80
2026/1/11 10:00,39,67,34,34,2,0.7,2.4,73
2026/1/11 11:00,33,59,41,29,2,0.6,4.5,66
2026/1/11 12:00,29,52,47,25,2,0.5,5.9,61
2026/1/11 13:00,26,48,51,23,2,0.5,6.6,58
2026/1/11 14:00,25,46,54,22,2,0.4,6.9,56
2026/1/11 15:00,26,47,53,23,2,0.4,6.7,57
2026/1/11 16:00,29,51,48,26,2,0.5,5.9,61
2026/1/11 17:00,35,58,41,32,3,0.6,4.3,68
2026/1/11 18:00,41,67,33,39,3,0.7,2.3,75
2026/1/11 19:00,47,76,27,45,3,0.8,0.5,82
2026/1/11 20:00,50,80,24,48,3,0.8,-0.7,85
2026/1/11 21:00,52,83,22,50,3,0.9,-1.5,87
2026/1/11 22:00,54,85,21,51,3,0.9,-2,88
2026/1/11 23:00,55,87,20,52,3,1,-2.4,89
2026/1/12 0:00,56,88,19,53,3,1,-2.7,90
2026/1/12 1:00,57,90,18,54,3,1.1,-3,91
2026/1/12 2:00,58,91,17,55,3,1.1,-3.2,92
2026/1/12 3:00,59,92,16,56,3,1.2,-3.4,92
2026/1/12 4:00,59,93,16,57,3,1.2,-3.6,93
2026/1/12 5:00,60,93,15,57,3,1.2,-3.7,93
2026/1/12 6:00,59,92,16,56,3,1.1,-3.5,92
2026/1/12 7:00,56,89,18,53,3,1,-2.9,90
2026/1/12 8:00,52,84,22,48,3,0.9,-1.7,86
2026/1/12 9:00,46,77,28,42,2,0.8,0.5,80
2026/1/12 10:00,40,68,35,35,2,0.7,2.7,73
2026/1/12 11:00,34,60,42,30,2,0.6,4.8,66
2026/1/12 12:00,30,53,48,26,2,0.5,6.2,61
2026/1/12 13:00,27,49,52,24,2,0.5,6.9,58
2026/1/12 14:00,26,47,55,23,2,0.4,7.2,56
2026/1/12 15:00,27,48,54,24,2,0.4,7,57
2026/1/12 16:00,30,52,49,27,2,0.5,6.2,61
2026/1/12 17:00,36,59,42,33,3,0.6,4.6,68
2026/1/12 18:00,42,68,34,40,3,0.7,2.6,75
2026/1/12 19:00,48,77,28,46,3,0.8,0.8,82
2026/1/12 20:00,51,81,25,49,3,0.8,-0.4,85
2026/1/12 21:00,53,84,23,51,3,0.9,-1.2,87
2026/1/12 22:00,55,86,22,52,3,0.9,-1.7,88
2026/1/12 23:00,56,88,21,53,3,1,-2.1,89
2026/1/13 0:00,57,89,20,54,3,1,-2.4,90
2026/1/13 1:00,58,91,19,55,3,1.1,-2.7,91
2026/1/13 2:00,59,92,18,56,3,1.1,-2.9,92
2026/1/13 3:00,60,93,17,57,3,1.2,-3.1,92
2026/1/13 4:00,60,94,17,58,3,1.2,-3.3,93
2026/1/13 5:00,61,94,16,58,3,1.2,-3.4,93
2026/1/13 6:00,60,93,17,57,3,1.1,-3.2,92
2026/1/13 7:00,57,90,19,54,3,1,-2.6,90
2026/1/13 8:00,53,85,23,49,3,0.9,-1.4,86
2026/1/13 9:00,47,78,29,43,2,0.8,0.8,80
2026/1/13 10:00,41,69,36,36,2,0.7,3,73
2026/1/13 11:00,35,61,43,31,2,0.6,5.1,66
2026/1/13 12:00,31,54,49,27,2,0.5,6.5,61
2026/1/13 13:00,28,50,53,25,2,0.5,7.2,58
2026/1/13 14:00,27,48,56,24,2,0.4,7.5,56
2026/1/13 15:00,28,49,55,25,2,0.4,7.3,57
2026/1/13 16:00,31,53,50,28,2,0.5,6.5,61
2026/1/13 17:00,37,60,43,34,3,0.6,4.9,68
2026/1/13 18:00,43,69,35,41,3,0.7,2.9,75
2026/1/13 19:00,49,78,29,47,3,0.8,1.1,82
2026/1/13 20:00,52,82,26,50,3,0.8,-0.1,85
2026/1/13 21:00,54,85,24,52,3,0.9,-0.9,87
2026/1/13 22:00,55,87,23,53,3,0.9,-1.4,88
2026/1/13 23:00,56,89,22,54,3,1,-1.8,89
2026/1/14 0:00,57,90,21,55,3,1,-2.1,90
2026/1/14 1:00,58,92,20,56,3,1.1,-2.4,91
2026/1/14 2:00,59,93,19,57,3,1.1,-2.6,92
2026/1/14 3:00,60,94,18,58,3,1.2,-2.8,92
2026/1/14 4:00,61,95,18,59,3,1.2,-3,93
2026/1/14 5:00,61,95,17,59,3,1.2,-3.1,93
2026/1/14 6:00,60,94,18,58,3,1.1,-2.9,92
2026/1/14 7:00,57,91,20,55,3,1,-2.3,90
2026/1/14 8:00,53,86,24,50,3,0.9,-1.1,86
2026/1/14 9:00,47,79,30,44,2,0.8,1.1,80
2026/1/14 10:00,41,70,37,37,2,0.7,3.3,73
2026/1/14 11:00,35,62,44,32,2,0.6,5.4,66
2026/1/14 12:00,31,55,50,28,2,0.5,6.8,61
2026/1/14 13:00,28,51,54,26,2,0.5,7.5,58
2026/1/14 14:00,27,49,57,25,2,0.4,7.8,56
2026/1/14 15:00,28,50,56,26,2,0.4,7.6,57
2026/1/14 16:00,31,54,51,29,2,0.5,6.8,61
2026/1/14 17:00,37,61,44,35,3,0.6,5.2,68
2026/1/14 18:00,43,70,36,42,3,0.7,3.2,75
2026/1/14 19:00,49,79,30,48,3,0.8,1.4,82
2026/1/14 20:00,52,83,27,51,3,0.8,0.2,85
2026/1/14 21:00,54,86,25,53,3,0.9,-0.6,87
2026/1/14 22:00,56,88,24,54,3,0.9,-1.1,88
2026/1/14 23:00,57,90,23,55,3,1,-1.5,89
2026/1/15 0:00,58,91,22,56,3,1,-1.8,90
2026/1/15 1:00,59,93,21,57,3,1.1,-2.1,91
2026/1/15 2:00,60,94,20,58,3,1.1,-2.3,92
2026/1/15 3:00,61,95,19,59,3,1.2,-2.5,92
2026/1/15 4:00,61,96,19,60,3,1.2,-2.7,93
2026/1/15 5:00,62,96,18,60,3,1.2,-2.8,93
2026/1/15 6:00,61,95,19,59,3,1.1,-2.6,92
2026/1/15 7:00,58,92,21,56,3,1,-2,90
2026/1/15 8:00,54,87,25,51,3,0.9,-0.8,86
2026/1/15 9:00,48,80,31,45,2,0.8,1.4,80
2026/1/15 10:00,42,71,38,38,2,0.7,3.6,73
2026/1/15 11:00,36,63,45,33,2,0.6,5.7,66
2026/1/15 12:00,32,56,51,29,2,0.5,7.1,61
2026/1/15 13:00,29,52,55,27,2,0.5,7.8,58
2026/1/15 14:00,28,50,58,26,2,0.4,8.1,56
2026/1/15 15:00,29,51,57,27,2,0.4,7.9,57
2026/1/15 16:00,32,55,52,30,2,0.5,7.1,61
2026/1/15 17:00,38,62,45,36,3,0.6,5.5,68
2026/1/15 18:00,44,71,37,43,3,0.7,3.5,75
2026/1/15 19:00,50,80,31,49,3,0.8,1.7,82
2026/1/15 20:00,53,84,28,52,3,0.8,0.5,85
2026/1/15 21:00,55,87,26,54,3,0.9,-0.3,87
2026/1/15 22:00,57,89,25,55,3,0.9,-0.8,88
2026/1/15 23:00,58,91,24,56,3,1,-1.2,89
2026/1/16 0:00,59,92,23,57,3,1,-1.5,90
2026/1/16 0:00,59,92,23,57,3,1,-1.5,90
2026/1/16 1:00,60,94,22,58,3,1.1,-1.8,91
2026/1/16 2:00,61,95,21,59,3,1.1,-2,92
2026/1/16 3:00,62,96,20,60,3,1.2,-2.2,92
2026/1/16 4:00,62,97,20,61,3,1.2,-2.4,93
2026/1/16 5:00,63,97,19,61,3,1.2,-2.5,93
2026/1/16 6:00,62,96,20,60,3,1.1,-2.3,92
2026/1/16 7:00,59,93,22,57,3,1,-1.7,90
2026/1/16 8:00,55,88,26,52,3,0.9,-0.5,86
2026/1/16 9:00,49,81,32,46,2,0.8,1.7,80
2026/1/16 10:00,43,72,39,39,2,0.7,3.9,73
2026/1/16 11:00,37,64,46,34,2,0.6,6,66
2026/1/16 12:00,33,57,52,30,2,0.5,7.4,61
2026/1/16 13:00,30,53,56,28,2,0.5,8.1,58
2026/1/16 14:00,29,51,59,27,2,0.4,8.4,56
2026/1/16 15:00,30,52,58,28,2,0.4,8.2,57
2026/1/16 16:00,33,56,53,31,2,0.5,7.4,61
2026/1/16 17:00,39,63,46,37,3,0.6,5.8,68
2026/1/16 18:00,45,72,38,44,3,0.7,3.8,75
2026/1/16 19:00,51,81,32,50,3,0.8,2,82
2026/1/16 20:00,54,85,29,53,3,0.8,0.8,85
2026/1/16 21:00,56,88,27,55,3,0.9,0,87
2026/1/16 22:00,58,90,25,56,3,0.9,-0.5,88
2026/1/16 23:00,59,92,24,57,3,1,-0.9,89
2026/1/17 0:00,60,93,23,58,3,1,-1.2,90
2026/1/17 1:00,61,95,22,59,3,1.1,-1.5,91
2026/1/17 2:00,62,96,21,60,3,1.1,-1.7,92
2026/1/17 3:00,63,97,20,61,3,1.2,-1.9,92
2026/1/17 4:00,63,98,19,62,3,1.2,-2.1,93
2026/1/17 5:00,64,98,19,62,3,1.2,-2.2,93
2026/1/17 6:00,63,97,20,61,3,1.1,-2,92
2026/1/17 7:00,60,94,22,58,3,1,-1.4,90
2026/1/17 8:00,56,89,27,53,3,0.9,-0.2,86
2026/1/17 9:00,50,82,33,47,2,0.8,2,80
2026/1/17 10:00,44,73,40,40,2,0.7,4.2,73
2026/1/17 11:00,38,65,47,35,2,0.6,6.3,66
2026/1/17 12:00,34,58,53,31,2,0.5,7.7,61
2026/1/17 13:00,31,54,57,29,2,0.5,8.4,58
2026/1/17 14:00,30,52,60,28,2,0.4,8.7,56
2026/1/17 15:00,31,53,59,29,2,0.4,8.5,57
2026/1/17 16:00,34,57,54,32,2,0.5,7.7,61
2026/1/17 17:00,40,64,47,38,3,0.6,6.1,68
2026/1/17 18:00,46,73,39,45,3,0.7,4.1,75
2026/1/17 19:00,52,82,33,51,3,0.8,2.3,82
2026/1/17 20:00,55,86,30,54,3,0.8,1.1,85
2026/1/17 21:00,57,89,28,56,3,0.9,0.3,87
2026/1/17 22:00,59,91,26,57,3,0.9,-0.2,88
2026/1/17 23:00,60,93,25,58,3,1,-0.6,89
2026/1/18 0:00,61,94,24,59,3,1,-0.9,90
2026/1/18 1:00,62,96,23,60,3,1.1,-1.2,91
2026/1/18 2:00,63,97,22,61,3,1.1,-1.4,92
2026/1/18 3:00,64,98,21,62,3,1.2,-1.6,92
2026/1/18 4:00,64,99,20,63,3,1.2,-1.8,93
2026/1/18 5:00,65,99,19,63,3,1.2,-1.9,93
2026/1/18 6:00,64,98,20,62,3,1.1,-1.7,92
2026/1/18 7:00,61,95,22,59,3,1,-1.1,90
2026/1/18 8:00,57,90,28,54,3,0.9,0.1,86
2026/1/18 9:00,51,83,34,48,2,0.8,2.3,80
2026/1/18 10:00,45,74,41,41,2,0.7,4.5,73
2026/1/18 11:00,39,66,48,36,2,0.6,6.6,66
2026/1/18 12:00,35,59,54,32,2,0.5,8,61
2026/1/18 13:00,32,55,58,30,2,0.5,8.7,58
2026/1/18 14:00,31,53,61,29,2,0.4,9,56
2026/1/18 15:00,32,54,60,30,2,0.4,8.8,57
2026/1/18 16:00,35,58,55,33,2,0.5,8,61
2026/1/18 17:00,41,65,48,39,3,0.6,6.4,68
2026/1/18 18:00,47,74,40,46,3,0.7,4.4,75
2026/1/18 19:00,53,83,34,52,3,0.8,2.6,82
2026/1/18 20:00,56,87,31,55,3,0.8,1.4,85
2026/1/18 21:00,58,90,29,57,3,0.9,0.6,87
2026/1/18 22:00,60,92,27,58,3,0.9,0.1,88
2026/1/18 23:00,61,94,26,59,3,1,-0.3,89
2026/1/19 0:00,62,95,25,60,3,1,-0.6,90
2026/1/19 1:00,63,97,24,61,3,1.1,-0.9,91
2026/1/19 2:00,64,98,23,62,3,1.1,-1.1,92
2026/1/19 3:00,65,99,22,63,3,1.2,-1.3,92
2026/1/19 4:00,65,100,21,64,3,1.2,-1.5,93
2026/1/19 5:00,66,100,20,64,3,1.2,-1.6,93
2026/1/19 6:00,65,99,21,63,3,1.1,-1.4,92
2026/1/19 7:00,62,96,23,60,3,1,-0.8,90
2026/1/19 8:00,58,91,29,55,3,0.9,0.4,86
2026/1/19 9:00,52,84,35,49,2,0.8,2.6,80
2026/1/19 10:00,46,75,42,42,2,0.7,4.8,73
2026/1/19 11:00,40,67,49,37,2,0.6,6.9,66
2026/1/19 12:00,36,60,55,33,2,0.5,8.3,61
2026/1/19 13:00,33,56,59,31,2,0.5,9,58
2026/1/19 14:00,32,54,62,30,2,0.4,9.3,56
2026/1/19 15:00,33,55,61,31,2,0.4,9.1,57
2026/1/19 16:00,36,59,56,34,2,0.5,8.3,61
2026/1/19 17:00,42,66,49,40,3,0.6,6.7,68
2026/1/19 18:00,48,75,41,47,3,0.7,4.7,75
2026/1/19 19:00,54,84,35,53,3,0.8,2.9,82
2026/1/19 20:00,57,88,32,56,3,0.8,1.7,85
2026/1/19 21:00,59,91,30,58,3,0.9,0.9,87
2026/1/19 22:00,61,93,28,59,3,0.9,0.4,88
2026/1/19 23:00,62,95,27,60,3,1,0,89
2026/1/20 0:00,63,96,26,61,3,1,-0.3,90
2026/1/20 1:00,64,98,25,62,3,1.1,-0.6,91
2026/1/20 2:00,65,99,24,63,3,1.1,-0.8,92
2026/1/20 3:00,66,100,23,64,3,1.2,-1,92
2026/1/20 4:00,66,101,22,65,3,1.2,-1.2,93
2026/1/20 5:00,67,101,21,65,3,1.2,-1.3,93
2026/1/20 6:00,66,100,22,64,3,1.1,-1.1,92
2026/1/20 7:00,63,97,24,61,3,1,-0.5,90
2026/1/20 8:00,59,92,30,56,3,0.9,0.7,86
2026/1/20 9:00,53,85,36,50,2,0.8,2.9,80
2026/1/20 10:00,47,76,43,43,2,0.7,5.1,73
2026/1/20 11:00,41,68,50,38,2,0.6,7.2,66
2026/1/20 12:00,37,61,56,34,2,0.5,8.6,61
2026/1/20 13:00,34,57,60,32,2,0.5,9.3,58
2026/1/20 14:00,33,55,63,31,2,0.4,9.6,56
2026/1/20 15:00,34,56,62,32,2,0.4,9.4,57
2026/1/20 16:00,37,60,57,35,2,0.5,8.6,61
2026/1/20 17:00,43,67,50,41,3,0.6,7,68
2026/1/20 18:00,49,76,42,48,3,0.7,5,75
2026/1/20 19:00,55,85,36,54,3,0.8,3.2,82
2026/1/20 20:00,58,89,33,57,3,0.8,2,85
2026/1/20 21:00,60,92,31,59,3,0.9,1.2,87
2026/1/20 22:00,62,94,29,60,3,0.9,0.7,88
2026/1/20 23:00,63,96,28,61,3,1,0.3,89
2026/1/21 0:00,64,97,27,62,3,1,0,90
2026/1/21 1:00,65,99,26,63,3,1.1,-0.3,91
2026/1/21 2:00,66,100,25,64,3,1.1,-0.5,92
2026/1/21 3:00,67,101,24,65,3,1.2,-0.7,92
2026/1/21 4:00,67,102,23,66,3,1.2,-0.9,93
2026/1/21 5:00,68,102,22,66,3,1.2,-1,93
2026/1/21 6:00,67,101,23,65,3,1.1,-0.8,92
2026/1/21 7:00,64,98,25,62,3,1,-0.2,90
2026/1/21 8:00,60,93,31,57,3,0.9,1,86
2026/1/21 9:00,54,86,37,51,2,0.8,3.2,80
2026/1/21 10:00,48,77,44,44,2,0.7,5.4,73
2026/1/21 11:00,42,69,51,39,2,0.6,7.5,66
2026/1/21 12:00,38,62,57,35,2,0.5,8.9,61
2026/1/21 13:00,35,58,61,33,2,0.5,9.6,58
2026/1/21 14:00,34,56,64,32,2,0.4,9.9,56
2026/1/21 15:00,35,57,63,33,2,0.4,9.7,57
2026/1/21 16:00,38,61,58,36,2,0.5,8.9,61
2026/1/21 17:00,44,68,51,42,3,0.6,7.3,68
2026/1/21 18:00,50,77,43,49,3,0.7,5.3,75
2026/1/21 19:00,56,86,37,55,3,0.8,3.5,82
2026/1/21 20:00,59,90,34,58,3,0.8,2.3,85
2026/1/21 21:00,61,93,32,60,3,0.9,1.5,87
2026/1/21 22:00,63,95,30,61,3,0.9,1,88
2026/1/21 23:00,64,97,29,62,3,1,0.6,89
2026/1/22 0:00,65,98,28,63,3,1,0.3,90
2026/1/22 1:00,66,100,27,64,3,1.1,0,91
2026/1/22 2:00,67,101,26,65,3,1.1,-0.2,92
2026/1/22 3:00,68,102,25,66,3,1.2,-0.4,92
2026/1/22 4:00,68,103,24,67,3,1.2,-0.6,93
2026/1/22 5:00,69,103,23,67,3,1.2,-0.7,93
2026/1/22 6:00,68,102,24,66,3,1.1,-0.5,92
2026/1/22 7:00,65,99,26,63,3,1,0.1,90
2026/1/22 8:00,61,94,32,58,3,0.9,1.3,86
2026/1/22 9:00,55,87,38,52,2,0.8,3.5,80
2026/1/22 10:00,49,78,45,45,2,0.7,5.7,73
2026/1/22 11:00,43,70,52,40,2,0.6,7.8,66
2026/1/22 12:00,39,63,58,36,2,0.5,9.2,61
2026/1/22 13:00,36,59,62,34,2,0.5,9.9,58
2026/1/22 14:00,35,57,65,33,2,0.4,10.2,56
2026/1/22 15:00,36,58,64,34,2,0.4,10,57
2026/1/22 16:00,39,62,59,37,2,0.5,9.2,61
2026/1/22 17:00,45,69,52,43,3,0.6,7.6,68
2026/1/22 18:00,51,78,44,50,3,0.7,5.6,75
2026/1/22 19:00,57,87,38,56,3,0.8,3.8,82
2026/1/22 20:00,60,91,35,59,3,0.8,2.6,85
2026/1/22 21:00,62,94,33,61,3,0.9,1.8,87
2026/1/22 22:00,64,96,31,62,3,0.9,1.3,88
2026/1/22 23:00,65,98,30,63,3,1,0.9,89
2026/1/23 0:00,66,99,29,64,3,1,0.6,90
2026/1/23 1:00,67,101,28,65,3,1.1,0.3,91
2026/1/23 2:00,68,102,27,66,3,1.1,0.1,92
2026/1/23 3:00,69,103,26,67,3,1.2,-0.1,92
2026/1/23 4:00,69,104,25,68,3,1.2,-0.3,93
2026/1/23 5:00,70,104,24,68,3,1.2,-0.4,93
2026/1/23 6:00,69,103,25,67,3,1.1,-0.2,92
2026/1/23 7:00,66,100,27,64,3,1,0.4,90
2026/1/23 8:00,62,95,33,59,3,0.9,1.6,86
2026/1/23 9:00,56,88,39,53,2,0.8,3.8,80
2026/1/23 10:00,50,79,46,46,2,0.7,6,73
2026/1/23 11:00,44,71,53,41,2,0.6,8.1,66
2026/1/23 12:00,40,64,59,37,2,0.5,9.5,61
2026/1/23 13:00,37,60,63,35,2,0.5,10.2,58
2026/1/23 14:00,36,58,66,34,2,0.4,10.5,56
2026/1/23 15:00,37,59,65,35,2,0.4,10.3,57
2026/1/23 16:00,40,63,60,38,2,0.5,9.5,61
2026/1/23 17:00,46,70,53,44,3,0.6,7.9,68
2026/1/23 18:00,52,79,45,51,3,0.7,5.9,75
2026/1/23 19:00,58,88,39,57,3,0.8,4.1,82
2026/1/23 20:00,61,92,36,60,3,0.8,2.9,85
2026/1/23 21:00,63,95,34,62,3,0.9,2.1,87
2026/1/23 22:00,65,97,32,63,3,0.9,1.6,88
2026/1/23 23:00,66,99,31,64,3,1,1.2,89
2026/1/24 0:00,67,100,30,65,3,1,0.9,90
2026/1/24 1:00,68,102,29,66,3,1.1,0.6,91
2026/1/24 2:00,69,103,28,67,3,1.1,0.4,92
2026/1/24 3:00,70,104,27,68,3,1.2,0.2,92
2026/1/24 4:00,70,105,26,69,3,1.2,0,93
2026/1/24 5:00,71,105,25,69,3,1.2,-0.1,93
2026/1/24 6:00,70,104,26,68,3,1.1,0.1,92
2026/1/24 7:00,67,101,28,65,3,1,0.7,90
2026/1/24 8:00,63,96,34,60,3,0.9,1.9,86
2026/1/24 9:00,57,89,40,54,2,0.8,4.1,80
2026/1/24 10:00,51,80,47,47,2,0.7,6.3,73
2026/1/24 11:00,45,72,54,42,2,0.6,8.4,66
2026/1/24 12:00,41,65,60,38,2,0.5,9.8,61
2026/1/24 13:00,38,61,64,36,2,0.5,10.5,58
2026/1/24 14:00,37,59,67,35,2,0.4,10.8,56
2026/1/24 15:00,38,60,66,36,2,0.4,10.6,57
2026/1/24 16:00,41,64,61,39,2,0.5,9.8,61
2026/1/24 17:00,47,71,54,45,3,0.6,8.2,68
2026/1/24 18:00,53,80,46,52,3,0.7,6.2,75
2026/1/24 19:00,59,89,40,58,3,0.8,4.4,82
2026/1/24 20:00,62,93,37,61,3,0.8,3.2,85
2026/1/24 21:00,64,96,35,63,3,0.9,2.4,87
2026/1/24 22:00,66,98,33,64,3,0.9,1.9,88
2026/1/24 23:00,67,100,32,65,3,1,1.5,89
2026/1/25 0:00,68,101,31,66,3,1,1.2,90
2026/1/25 1:00,69,103,30,67,3,1.1,0.9,91
2026/1/25 2:00,70,104,29,68,3,1.1,0.7,92
2026/1/25 3:00,71,105,28,69,3,1.2,0.5,92
2026/1/25 4:00,71,106,27,70,3,1.2,0.3,93
2026/1/25 5:00,72,106,26,70,3,1.2,0.2,93
2026/1/25 6:00,71,105,27,69,3,1.1,0.4,92
2026/1/25 7:00,68,102,29,66,3,1,1,90
2026/1/25 8:00,64,97,35,61,3,0.9,2.2,86
2026/1/25 9:00,58,90,41,55,2,0.8,4.4,80
2026/1/25 10:00,52,81,48,48,2,0.7,6.6,73
2026/1/25 11:00,46,73,55,43,2,0.6,8.7,66
2026/1/25 12:00,42,66,61,39,2,0.5,10.1,61
2026/1/25 13:00,39,62,65,37,2,0.5,10.8,58
2026/1/25 14:00,38,60,68,36,2,0.4,11.1,56
2026/1/25 15:00,39,61,67,37,2,0.4,10.9,57
2026/1/25 16:00,42,65,62,40,2,0.5,10.1,61
2026/1/25 17:00,48,72,55,46,3,0.6,8.5,68
2026/1/25 18:00,54,81,47,53,3,0.7,6.5,75
2026/1/25 19:00,60,90,41,59,3,0.8,4.7,82
2026/1/25 20:00,63,94,38,62,3,0.8,3.5,85
2026/1/25 21:00,65,97,36,64,3,0.9,2.7,87
2026/1/25 22:00,67,99,34,65,3,0.9,2.2,88
2026/1/25 23:00,68,101,33,66,3,1,1.8,89
2026/1/26 0:00,69,102,32,67,3,1,1.5,90
2026/1/26 1:00,70,104,31,68,3,1.1,1.2,91
2026/1/26 2:00,71,105,30,69,3,1.1,1,92
2026/1/26 3:00,72,106,29,70,3,1.2,0.8,92
2026/1/26 4:00,72,107,28,71,3,1.2,0.6,93
2026/1/26 5:00,73,107,27,71,3,1.2,0.5,93
2026/1/26 6:00,72,106,28,70,3,1.1,0.7,92
2026/1/26 7:00,69,103,30,67,3,1,1.3,90
2026/1/26 8:00,65,98,36,62,3,0.9,2.5,86
2026/1/26 9:00,59,91,42,56,2,0.8,4.7,80
2026/1/26 10:00,53,82,49,49,2,0.7,6.9,73
2026/1/26 11:00,47,74,56,44,2,0.6,9,66
2026/1/26 12:00,43,67,62,40,2,0.5,10.4,61
2026/1/26 13:00,40,63,66,38,2,0.5,11.1,58
2026/1/26 14:00,39,61,69,37,2,0.4,11.4,56
2026/1/26 15:00,40,62,68,38,2,0.4,11.2,57
2026/1/26 16:00,43,66,63,41,2,0.5,10.4,61
2026/1/26 17:00,49,73,56,47,3,0.6,8.8,68
2026/1/26 18:00,55,82,48,54,3,0.7,6.8,75
2026/1/26 19:00,61,91,42,60,3,0.8,5,82
2026/1/26 20:00,64,95,39,63,3,0.8,3.8,85
2026/1/26 21:00,66,98,37,65,3,0.9,3,87
2026/1/26 22:00,68,100,35,66,3,0.9,2.5,88
2026/1/26 23:00,69,102,34,67,3,1,2.1,89
2026/1/27 0:00,70,103,33,68,3,1,1.8,90
2026/1/27 1:00,71,105,32,69,3,1.1,1.5,91
2026/1/27 2:00,72,106,31,70,3,1.1,1.3,92
2026/1/27 3:00,73,107,30,71,3,1.2,1.1,92
2026/1/27 4:00,73,108,29,72,3,1.2,0.9,93
2026/1/27 5:00,74,108,28,72,3,1.2,0.8,93
2026/1/27 6:00,73,107,29,71,3,1.1,1,92
2026/1/27 7:00,70,104,31,68,3,1,1.6,90
2026/1/27 8:00,66,99,37,63,3,0.9,2.8,86
2026/1/27 9:00,60,92,43,57,2,0.8,5,80
2026/1/27 10:00,54,83,50,50,2,0.7,7.2,73
2026/1/27 11:00,48,75,57,45,2,0.6,9.3,66
2026/1/27 12:00,44,68,63,41,2,0.5,10.7,61
2026/1/27 13:00,41,64,67,39,2,0.5,11.4,58
2026/1/27 14:00,40,62,70,38,2,0.4,11.7,56
2026/1/27 15:00,41,63,69,39,2,0.4,11.5,57
2026/1/27 16:00,44,67,64,42,2,0.5,10.7,61
2026/1/27 17:00,50,74,57,48,3,0.6,9.1,68
2026/1/27 18:00,56,83,49,55,3,0.7,7.1,75
2026/1/27 19:00,62,92,43,61,3,0.8,5.3,82
2026/1/27 20:00,65,96,40,64,3,0.8,4.1,85
2026/1/27 21:00,67,99,38,66,3,0.9,3.3,87
2026/1/27 22:00,69,101,36,67,3,0.9,2.8,88
2026/1/27 23:00,70,103,35,68,3,1,2.4,89
2026/1/28 0:00,71,104,34,69,3,1,2.1,90
2026/1/28 1:00,72,106,33,70,3,1.1,1.8,91
2026/1/28 2:00,73,107,32,71,3,1.1,1.6,92
2026/1/28 3:00,74,108,31,72,3,1.2,1.4,92
2026/1/28 4:00,74,109,30,73,3,1.2,1.2,93
2026/1/28 5:00,75,109,29,73,3,1.2,1.1,93
2026/1/28 6:00,74,108,30,72,3,1.1,1.3,92
2026/1/28 7:00,71,105,32,69,3,1,1.9,90
2026/1/28 8:00,67,100,38,64,3,0.9,3.1,86
2026/1/28 9:00,61,93,44,58,2,0.8,5.3,80
2026/1/28 10:00,55,84,51,51,2,0.7,7.5,73
2026/1/28 11:00,49,76,58,46,2,0.6,9.6,66
2026/1/28 12:00,45,69,64,42,2,0.5,11,61
2026/1/28 13:00,42,65,68,40,2,0.5,11.7,58
2026/1/28 14:00,41,63,71,39,2,0.4,12,56
2026/1/28 15:00,42,64,70,40,2,0.4,11.8,57
2026/1/28 16:00,45,68,65,43,2,0.5,11,61
2026/1/28 17:00,51,75,58,49,3,0.6,9.4,68
2026/1/28 18:00,57,84,50,56,3,0.7,7.4,75
2026/1/28 19:00,63,93,44,62,3,0.8,5.6,82
2026/1/28 20:00,66,97,41,65,3,0.8,4.4,85
2026/1/28 21:00,68,100,39,67,3,0.9,3.6,87
2026/1/28 22:00,70,102,37,68,3,0.9,3.1,88
2026/1/28 23:00,71,104,36,69,3,1,2.7,89
2026/1/29 0:00,72,105,35,70,3,1,2.4,90
2026/1/29 1:00,73,107,34,71,3,1.1,2.1,91
2026/1/29 2:00,74,108,33,72,3,1.1,1.9,92
2026/1/29 3:00,75,109,32,73,3,1.2,1.7,92
2026/1/29 4:00,75,110,31,74,3,1.2,1.5,93
2026/1/29 5:00,76,110,30,74,3,1.2,1.4,93
2026/1/29 6:00,75,109,31,73,3,1.1,1.6,92
2026/1/29 7:00,72,106,33,70,3,1,2.2,90
2026/1/29 8:00,68,101,39,65,3,0.9,3.4,86
2026/1/29 9:00,62,94,45,59,2,0.8,5.6,80
2026/1/29 10:00,56,85,52,52,2,0.7,7.8,73
2026/1/29 11:00,50,77,59,47,2,0.6,9.9,66
2026/1/29 12:00,46,70,65,43,2,0.5,11.3,61
2026/1/29 13:00,43,66,69,41,2,0.5,12,58
2026/1/29 14:00,42,64,72,40,2,0.4,12.3,56
2026/1/29 15:00,43,65,71,41,2,0.4,12.1,57
2026/1/29 16:00,46,69,66,44,2,0.5,11.3,61
2026/1/29 17:00,52,76,59,50,3,0.6,9.7,68
2026/1/29 18:00,58,85,51,57,3,0.7,7.7,75
2026/1/29 19:00,64,94,45,63,3,0.8,5.9,82
2026/1/29 20:00,67,98,42,66,3,0.8,4.7,85
2026/1/29 21:00,69,101,40,68,3,0.9,3.9,87
2026/1/29 22:00,71,103,38,69,3,0.9,3.4,88
2026/1/29 23:00,72,105,37,70,3,1,3,89
2026/1/30 0:00,73,106,36,71,3,1,2.7,90
2026/1/30 1:00,74,108,35,72,3,1.1,2.4,91
2026/1/30 2:00,75,109,34,73,3,1.1,2.2,92
2026/1/30 3:00,76,110,33,74,3,1.2,2,92
2026/1/30 4:00,76,111,32,75,3,1.2,1.8,93
2026/1/30 5:00,77,111,31,75,3,1.2,1.7,93
2026/1/30 6:00,76,110,32,74,3,1.1,1.9,92
2026/1/30 7:00,73,107,34,71,3,1,2.5,90
2026/1/30 8:00,69,102,40,66,3,0.9,3.7,86
2026/1/30 9:00,63,95,46,60,2,0.8,5.9,80
2026/1/30 10:00,57,86,53,53,2,0.7,8.1,73
2026/1/30 11:00,51,78,60,48,2,0.6,10.2,66
2026/1/30 12:00,47,71,66,44,2,0.5,11.6,61
2026/1/30 13:00,44,67,70,42,2,0.5,12.3,58
2026/1/30 14:00,43,65,73,41,2,0.4,12.6,56
2026/1/30 15:00,44,66,72,42,2,0.4,12.4,57
2026/1/30 16:00,47,70,67,45,2,0.5,11.6,61
2026/1/30 17:00,53,77,60,51,3,0.6,10,68
2026/1/30 18:00,59,86,52,58,3,0.7,8,75
2026/1/30 19:00,65,95,46,64,3,0.8,6.2,82
2026/1/30 20:00,68,99,43,67,3,0.8,5,85
2026/1/30 21:00,70,102,41,69,3,0.9,4.2,87
2026/1/30 22:00,72,104,39,70,3,0.9,3.7,88
2026/1/30 23:00,73,106,38,71,3,1,3.3,89
2026/1/31 0:00,74,107,37,72,3,1,3,90
2026/1/31 1:00,75,109,36,73,3,1.1,2.7,91
2026/1/31 2:00,76,110,35,74,3,1.1,2.5,92
2026/1/31 3:00,77,111,34,75,3,1.2,2.3,92
2026/1/31 4:00,77,112,33,76,3,1.2,2.1,93
2026/1/31 5:00,78,112,32,76,3,1.2,2,93
2026/1/31 6:00,77,111,33,75,3,1.1,2.2,92
2026/1/31 7:00,74,108,35,72,3,1,2.8,90
2026/1/31 8:00,70,103,41,67,3,0.9,4,86
2026/1/31 9:00,64,96,47,61,2,0.8,6.2,80
2026/1/31 10:00,58,87,54,54,2,0.7,8.4,73
2026/1/31 11:00,52,79,61,49,2,0.6,10.5,66
2026/1/31 12:00,48,72,67,45,2,0.5,11.9,61
2026/1/31 13:00,45,68,71,43,2,0.5,12.6,58
2026/1/31 14:00,44,66,74,42,2,0.4,12.9,56
2026/1/31 15:00,45,67,73,43,2,0.4,12.7,57
2026/1/31 16:00,48,71,68,46,2,0.5,11.9,61
2026/1/31 17:00,54,78,61,52,3,0.6,10,68
2026/1/31 18:00,59,86,52,58,3,0.7,8,75
2026/1/31 19:00,65,95,46,64,3,0.8,6.2,82
2026/1/31 20:00,68,99,43,67,3,0.8,5,85
2026/1/31 21:00,70,102,41,69,3,0.9,4.2,87
2026/1/31 22:00,72,104,39,70,3,0.9,3.7,88
2026/1/31 23:00,73,106,38,71,3,1,3.3,89
2026/2/1 0:00,74,107,37,72,3,1,3,90
2026/2/1 1:00,75,109,36,73,3,1.1,2.7,91
2026/2/1 2:00,76,110,35,74,3,1.1,2.5,92
2026/2/1 3:00,77,111,34,75,3,1.2,2.3,92
2026/2/1 4:00,77,112,33,76,3,1.2,2.1,93
2026/2/1 5:00,78,112,32,76,3,1.2,2,93
2026/2/1 6:00,77,111,33,75,3,1.1,2.2,92
2026/2/1 7:00,74,108,35,72,3,1,2.8,90
2026/2/1 8:00,70,103,41,67,3,0.9,4,86
2026/2/1 9:00,64,96,47,61,2,0.8,6.2,80
2026/2/1 10:00,58,87,54,54,2,0.7,8.4,73
2026/2/1 11:00,52,79,61,49,2,0.6,10.5,66
2026/2/1 12:00,48,72,67,45,2,0.5,11.9,61
2026/2/1 13:00,45,68,71,43,2,0.5,12.6,58
2026/2/1 14:00,44,66,74,42,2,0.4,12.9,56
2026/2/1 15:00,45,67,73,43,2,0.4,12.7,57
2026/2/1 16:00,48,71,68,46,2,0.5,11.9,61
2026/2/1 17:00,54,78,61,52,3,0.6,10,68
2026/2/1 18:00,59,86,52,58,3,0.7,8,75
2026/2/1 19:00,65,95,46,64,3,0.8,6.2,82
2026/2/1 20:00,68,99,43,67,3,0.8,5,85
2026/2/1 21:00,70,102,41,69,3,0.9,4.2,87
2026/2/1 22:00,72,104,39,70,3,0.9,3.7,88
2026/2/1 23:00,73,106,38,71,3,1,3.3,89
2026/2/2 0:00,74,107,37,72,3,1,3,90
2026/2/2 1:00,75,109,36,73,3,1.1,2.7,91
2026/2/2 2:00,76,110,35,74,3,1.1,2.5,92
2026/2/2 3:00,77,111,34,75,3,1.2,2.3,92
2026/2/2 4:00,77,112,33,76,3,1.2,2.1,93
2026/2/2 5:00,78,112,32,76,3,1.2,2,93
2026/2/2 6:00,77,111,33,75,3,1.1,2.2,92
2026/2/2 7:00,74,108,35,72,3,1,2.8,90
2026/2/2 8:00,70,103,41,67,3,0.9,4,86
2026/2/2 9:00,64,96,47,61,2,0.8,6.2,80
2026/2/2 10:00,58,87,54,54,2,0.7,8.4,73
2026/2/2 11:00,52,79,61,49,2,0.6,10.5,66
2026/2/2 12:00,48,72,67,45,2,0.5,11.9,61
2026/2/2 13:00,45,68,71,43,2,0.5,12.6,58
2026/2/2 14:00,44,66,74,42,2,0.4,12.9,56
2026/2/2 15:00,45,67,73,43,2,0.4,12.7,57
2026/2/2 16:00,48,71,68,46,2,0.5,11.9,61
2026/2/2 17:00,54,78,61,52,3,0.6,10,68
2026/2/2 18:00,59,86,52,58,3,0.7,8,75
2026/2/2 19:00,65,95,46,64,3,0.8,6.2,82
2026/2/2 20:00,68,99,43,67,3,0.8,5,85
2026/2/2 21:00,70,102,41,69,3,0.9,4.2,87
2026/2/2 22:00,72,104,39,70,3,0.9,3.7,88
2026/2/2 23:00,73,106,38,71,3,1,3.3,89
2026/2/3 0:00,74,107,37,72,3,1,3,90
2026/2/3 1:00,75,109,36,73,3,1.1,2.7,91
2026/2/3 2:00,76,110,35,74,3,1.1,2.5,92
2026/2/3 3:00,77,111,34,75,3,1.2,2.3,92
2026/2/3 4:00,77,112,33,76,3,1.2,2.1,93
2026/2/3 5:00,78,112,32,76,3,1.2,2,93
2026/2/3 6:00,77,111,33,75,3,1.1,2.2,92
2026/2/3 7:00,74,108,35,72,3,1,2.8,90
2026/2/3 8:00,70,103,41,67,3,0.9,4,86
2026/2/3 9:00,64,96,47,61,2,0.8,6.2,80
2026/2/3 10:00,58,87,54,54,2,0.7,8.4,73
2026/2/3 11:00,52,79,61,49,2,0.6,10.5,66
2026/2/3 12:00,48,72,67,45,2,0.5,11.9,61
2026/2/3 13:00,45,68,71,43,2,0.5,12.6,58
2026/2/3 14:00,44,66,74,42,2,0.4,12.9,56
2026/2/3 15:00,45,67,73,43,2,0.4,12.7,57
2026/2/3 16:00,48,71,68,46,2,0.5,11.9,61
2026/2/3 17:00,54,78,61,52,3,0.6,10,68
2026/2/3 18:00,59,86,52,58,3,0.7,8,75
2026/2/3 19:00,65,95,46,64,3,0.8,6.2,82
2026/2/3 20:00,68,99,43,67,3,0.8,5,85
2026/2/3 21:00,70,102,41,69,3,0.9,4.2,87
2026/2/3 22:00,72,104,39,70,3,0.9,3.7,88
2026/2/3 23:00,73,106,38,71,3,1,3.3,89
2026/2/4 0:00,74,107,37,72,3,1,3,90
2026/2/4 1:00,75,109,36,73,3,1.1,2.7,91
2026/2/4 2:00,76,110,35,74,3,1.1,2.5,92
2026/2/4 3:00,77,111,34,75,3,1.2,2.3,92
2026/2/4 4:00,77,112,33,76,3,1.2,2.1,93
2026/2/4 5:00,78,112,32,76,3,1.2,2,93
2026/2/4 6:00,77,111,33,75,3,1.1,2.2,92
2026/2/4 7:00,74,108,35,72,3,1,2.8,90
2026/2/4 8:00,70,103,41,67,3,0.9,4,86
2026/2/4 9:00,64,96,47,61,2,0.8,6.2,80
2026/2/4 10:00,58,87,54,54,2,0.7,8.4,73
2026/2/4 11:00,52,79,61,49,2,0.6,10.5,66
2026/2/4 12:00,48,72,67,45,2,0.5,11.9,61
2026/2/4 13:00,45,68,71,43,2,0.5,12.6,58
2026/2/4 14:00,44,66,74,42,2,0.4,12.9,56
2026/2/4 15:00,45,67,73,43,2,0.4,12.7,57
2026/2/4 16:00,48,71,68,46,2,0.5,11.9,61
2026/2/4 17:00,54,78,61,52,3,0.6,10,68
2026/2/4 18:00,59,86,52,58,3,0.7,8,75
2026/2/4 19:00,65,95,46,64,3,0.8,6.2,82
2026/2/4 20:00,68,99,43,67,3,0.8,5,85
2026/2/4 21:00,70,102,41,69,3,0.9,4.2,87
2026/2/4 22:00,72,104,39,70,3,0.9,3.7,88
2026/2/4 23:00,73,106,38,71,3,1,3.3,89
2026/2/5 0:00,74,107,37,72,3,1,3,90
2026/2/5 1:00,75,109,36,73,3,1.1,2.7,91
2026/2/5 2:00,76,110,35,74,3,1.1,2.5,92
2026/2/5 3:00,77,111,34,75,3,1.2,2.3,92
2026/2/5 4:00,77,112,33,76,3,1.2,2.1,93
2026/2/5 5:00,78,112,32,76,3,1.2,2,93
2026/2/5 6:00,77,111,33,75,3,1.1,2.2,92
2026/2/5 7:00,74,108,35,72,3,1,2.8,90
2026/2/5 8:00,70,103,41,67,3,0.9,4,86
2026/2/5 9:00,64,96,47,61,2,0.8,6.2,80
2026/2/5 10:00,58,87,54,54,2,0.7,8.4,73
2026/2/5 11:00,52,79,61,49,2,0.6,10.5,66
2026/2/5 12:00,48,72,67,45,2,0.5,11.9,61
2026/2/5 13:00,45,68,71,43,2,0.5,12.6,58
2026/2/5 14:00,44,66,74,42,2,0.4,12.9,56
2026/2/5 15:00,45,67,73,43,2,0.4,12.7,57
2026/2/5 16:00,48,71,68,46,2,0.5,11.9,61
2026/2/5 17:00,54,78,61,52,3,0.6,10,68
2026/2/5 18:00,59,86,52,58,3,0.7,8,75
2026/2/5 19:00,65,95,46,64,3,0.8,6.2,82
2026/2/5 20:00,68,99,43,67,3,0.8,5,85
2026/2/5 21:00,70,102,41,69,3,0.9,4.2,87
2026/2/5 22:00,72,104,39,70,3,0.9,3.7,88
2026/2/5 23:00,73,106,38,71,3,1,3.3,89
2026/2/6 0:00,74,107,37,72,3,1,3,90
2026/2/6 1:00,75,109,36,73,3,1.1,2.7,91
2026/2/6 2:00,76,110,35,74,3,1.1,2.5,92
2026/2/6 3:00,77,111,34,75,3,1.2,2.3,92
2026/2/6 4:00,77,112,33,76,3,1.2,2.1,93
2026/2/6 5:00,78,112,32,76,3,1.2,2,93
2026/2/6 6:00,77,111,33,75,3,1.1,2.2,92
2026/2/6 7:00,74,108,35,72,3,1,2.8,90
2026/2/6 8:00,70,103,41,67,3,0.9,4,86
2026/2/6 9:00,64,96,47,61,2,0.8,6.2,80
2026/2/6 10:00,58,87,54,54,2,0.7,8.4,73
2026/2/6 11:00,52,79,61,49,2,0.6,10.5,66
2026/2/6 12:00,48,72,67,45,2,0.5,11.9,61
2026/2/6 13:00,45,68,71,43,2,0.5,12.6,58
2026/2/6 14:00,44,66,74,42,2,0.4,12.9,56
2026/2/6 15:00,45,67,73,43,2,0.4,12.7,57
2026/2/6 16:00,48,71,68,46,2,0.5,11.9,61
2026/2/6 17:00,54,78,61,52,3,0.6,10,68
2026/2/6 18:00,59,86,52,58,3,0.7,8,75
2026/2/6 19:00,65,95,46,64,3,0.8,6.2,82
2026/2/6 20:00,68,99,43,67,3,0.8,5,85
2026/2/6 21:00,70,102,41,69,3,0.9,4.2,87
2026/2/6 22:00,72,104,39,70,3,0.9,3.7,88
2026/2/6 23:00,73,106,38,71,3,1,3.3,89
2026/2/7 0:00,74,107,37,72,3,1,3,90
2026/2/7 1:00,75,109,36,73,3,1.1,2.7,91
2026/2/7 2:00,76,110,35,74,3,1.1,2.5,92
2026/2/7 3:00,77,111,34,75,3,1.2,2.3,92
2026/2/7 4:00,77,112,33,76,3,1.2,2.1,93
2026/2/7 5:00,78,112,32,76,3,1.2,2,93
2026/2/7 6:00,77,111,33,75,3,1.1,2.2,92
2026/2/7 7:00,74,108,35,72,3,1,2.8,90
2026/2/7 8:00,70,103,41,67,3,0.9,4,86
2026/2/7 9:00,64,96,47,61,2,0.8,6.2,80
2026/2/7 10:00,58,87,54,54,2,0.7,8.4,73
2026/2/7 11:00,52,79,61,49,2,0.6,10.5,66
2026/2/7 12:00,48,72,67,45,2,0.5,11.9,61
2026/2/7 13:00,45,68,71,43,2,0.5,12.6,58
2026/2/7 14:00,44,66,74,42,2,0.4,12.9,56
2026/2/7 15:00,45,67,73,43,2,0.4,12.7,57
2026/2/7 16:00,48,71,68,46,2,0.5,11.9,61
2026/2/7 17:00,54,78,61,52,3,0.6,10,68
2026/2/7 18:00,59,86,52,58,3,0.7,8,75
2026/2/7 19:00,65,95,46,64,3,0.8,6.2,82
2026/2/7 20:00,68,99,43,67,3,0.8,5,85
2026/2/7 21:00,70,102,41,69,3,0.9,4.2,87
2026/2/7 22:00,72,104,39,70,3,0.9,3.7,88
2026/2/7 23:00,73,106,38,71,3,1,3.3,89
2026/2/8 0:00,74,107,37,72,3,1,3,90
2026/2/8 1:00,75,109,36,73,3,1.1,2.7,91
2026/2/8 2:00,76,110,35,74,3,1.1,2.5,92
2026/2/8 3:00,77,111,34,75,3,1.2,2.3,92
2026/2/8 4:00,77,112,33,76,3,1.2,2.1,93
2026/2/8 5:00,78,112,32,76,3,1.2,2,93
2026/2/8 6:00,77,111,33,75,3,1.1,2.2,92
2026/2/8 7:00,74,108,35,72,3,1,2.8,90
2026/2/8 8:00,70,103,41,67,3,0.9,4,86
2026/2/8 9:00,64,96,47,61,2,0.8,6.2,80
2026/2/8 10:00,58,87,54,54,2,0.7,8.4,73
2026/2/8 11:00,52,79,61,49,2,0.6,10.5,66
2026/2/8 12:00,48,72,67,45,2,0.5,11.9,61
2026/2/8 13:00,45,68,71,43,2,0.5,12.6,58
2026/2/8 14:00,44,66,74,42,2,0.4,12.9,56
2026/2/8 15:00,45,67,73,43,2,0.4,12.7,57
2026/2/8 16:00,48,71,68,46,2,0.5,11.9,61
2026/2/8 17:00,54,78,61,52,3,0.6,10,68
2026/2/8 18:00,59,86,52,58,3,0.7,8,75
2026/2/8 19:00,65,95,46,64,3,0.8,6.2,82
2026/2/8 20:00,68,99,43,67,3,0.8,5,85
2026/2/8 21:00,70,102,41,69,3,0.9,4.2,87
2026/2/8 22:00,72,104,39,70,3,0.9,3.7,88
2026/2/8 23:00,73,106,38,71,3,1,3.3,89
2026/2/9 0:00,74,107,37,72,3,1,3,90
2026/2/9 1:00,75,109,36,73,3,1.1,2.7,91
2026/2/9 2:00,76,110,35,74,3,1.1,2.5,92
2026/2/9 3:00,77,111,34,75,3,1.2,2.3,92
2026/2/9 4:00,77,112,33,76,3,1.2,2.1,93
2026/2/9 5:00,78,112,32,76,3,1.2,2,93
2026/2/9 6:00,77,111,33,75,3,1.1,2.2,92
2026/2/9 7:00,74,108,35,72,3,1,2.8,90
2026/2/9 8:00,70,103,41,67,3,0.9,4,86
2026/2/9 9:00,64,96,47,61,2,0.8,6.2,80
2026/2/9 10:00,58,87,54,54,2,0.7,8.4,73
2026/2/9 11:00,52,79,61,49,2,0.6,10.5,66
2026/2/9 12:00,48,72,67,45,2,0.5,11.9,61
2026/2/9 13:00,45,68,71,43,2,0.5,12.6,58
2026/2/9 14:00,44,66,74,42,2,0.4,12.9,56
2026/2/9 15:00,45,67,73,43,2,0.4,12.7,57
2026/2/9 16:00,48,71,68,46,2,0.5,11.9,61
2026/2/9 17:00,54,78,61,52,3,0.6,10,68
2026/2/9 18:00,59,86,52,58,3,0.7,8,75
2026/2/9 19:00,65,95,46,64,3,0.8,6.2,82
2026/2/9 20:00,68,99,43,67,3,0.8,5,85
2026/2/9 21:00,70,102,41,69,3,0.9,4.2,87
2026/2/9 22:00,72,104,39,70,3,0.9,3.7,88
2026/2/9 23:00,73,106,38,71,3,1,3.3,89
2026/2/10 0:00,74,107,37,72,3,1,3,90
2026/2/10 1:00,75,109,36,73,3,1.1,2.7,91
2026/2/10 2:00,76,110,35,74,3,1.1,2.5,92
2026/2/10 3:00,77,111,34,75,3,1.2,2.3,92
2026/2/10 4:00,77,112,33,76,3,1.2,2.1,93
2026/2/10 5:00,78,112,32,76,3,1.2,2,93
2026/2/10 6:00,77,111,33,75,3,1.1,2.2,92
2026/2/10 7:00,74,108,35,72,3,1,2.8,90
2026/2/10 8:00,70,103,41,67,3,0.9,4,86
2026/2/10 9:00,64,96,47,61,2,0.8,6.2,80
2026/2/10 10:00,58,87,54,54,2,0.7,8.4,73
2026/2/10 11:00,52,79,61,49,2,0.6,10.5,66
2026/2/10 12:00,48,72,67,45,2,0.5,11.9,61
2026/2/10 13:00,45,68,71,43,2,0.5,12.6,58
2026/2/10 14:00,44,66,74,42,2,0.4,12.9,56
2026/2/10 15:00,45,67,73,43,2,0.4,12.7,57
2026/2/10 16:00,48,71,68,46,2,0.5,11.9,61
2026/2/10 17:00,54,78,61,52,3,0.6,10,68
2026/2/10 18:00,59,86,52,58,3,0.7,8,75
2026/2/10 19:00,65,95,46,64,3,0.8,6.2,82
2026/2/10 20:00,68,99,43,67,3,0.8,5,85
2026/2/10 21:00,70,102,41,69,3,0.9,4.2,87
2026/2/10 22:00,72,104,39,70,3,0.9,3.7,88
2026/2/10 23:00,73,106,38,71,3,1,3.3,89
2026/2/11 0:00,74,107,37,72,3,1,3,90
2026/2/11 1:00,75,109,36,73,3,1.1,2.7,91
2026/2/11 2:00,76,110,35,74,3,1.1,2.5,92
2026/2/11 3:00,77,111,34,75,3,1.2,2.3,92
2026/2/11 4:00,77,112,33,76,3,1.2,2.1,93
2026/2/11 5:00,78,112,32,76,3,1.2,2,93
2026/2/11 6:00,77,111,33,75,3,1.1,2.2,92
2026/2/11 7:00,74,108,35,72,3,1,2.8,90
2026/2/11 8:00,70,103,41,67,3,0.9,4,86
2026/2/11 9:00,64,96,47,61,2,0.8,6.2,80
2026/2/11 10:00,58,87,54,54,2,0.7,8.4,73
2026/2/11 11:00,52,79,61,49,2,0.6,10.5,66
2026/2/11 12:00,48,72,67,45,2,0.5,11.9,61
2026/2/11 13:00,45,68,71,43,2,0.5,12.6,58
2026/2/11 14:00,44,66,74,42,2,0.4,12.9,56
2026/2/11 15:00,45,67,73,43,2,0.4,12.7,57
2026/2/11 16:00,48,71,68,46,2,0.5,11.9,61
2026/2/11 17:00,54,78,61,52,3,0.6,10,68
2026/2/11 18:00,59,86,52,58,3,0.7,8,75
2026/2/11 19:00,65,95,46,64,3,0.8,6.2,82
2026/2/11 20:00,68,99,43,67,3,0.8,5,85
2026/2/11 21:00,70,102,41,69,3,0.9,4.2,87
2026/2/11 22:00,72,104,39,70,3,0.9,3.7,88
2026/2/11 23:00,73,106,38,71,3,1,3.3,89
2026/2/12 0:00,74,107,37,72,3,1,3,90
2026/2/12 1:00,75,109,36,73,3,1.1,2.7,91
2026/2/12 2:00,76,110,35,74,3,1.1,2.5,92
2026/2/12 3:00,77,111,34,75,3,1.2,2.3,92
2026/2/12 4:00,77,112,33,76,3,1.2,2.1,93
2026/2/12 5:00,78,112,32,76,3,1.2,2,93
2026/2/12 6:00,77,111,33,75,3,1.1,2.2,92
2026/2/12 7:00,74,108,35,72,3,1,2.8,90
2026/2/12 8:00,70,103,41,67,3,0.9,4,86
2026/2/12 9:00,64,96,47,61,2,0.8,6.2,80
2026/2/12 10:00,58,87,54,54,2,0.7,8.4,73
2026/2/12 11:00,52,79,61,49,2,0.6,10.5,66
2026/2/12 12:00,48,72,67,45,2,0.5,11.9,61
2026/2/12 13:00,45,68,71,43,2,0.5,12.6,58
2026/2/12 14:00,44,66,74,42,2,0.4,12.9,56
2026/2/12 15:00,45,67,73,43,2,0.4,12.7,57
2026/2/12 16:00,48,71,68,46,2,0.5,11.9,61
2026/2/12 17:00,54,78,61,52,3,0.6,10,68
2026/2/12 18:00,59,86,52,58,3,0.7,8,75
2026/2/12 19:00,65,95,46,64,3,0.8,6.2,82
2026/2/12 20:00,68,99,43,67,3,0.8,5,85
2026/2/12 21:00,70,102,41,69,3,0.9,4.2,87
2026/2/12 22:00,72,104,39,70,3,0.9,3.7,88
2026/2/12 23:00,73,106,38,71,3,1,3.3,89
2026/2/13 0:00,74,107,37,72,3,1,3,90
2026/2/13 1:00,75,109,36,73,3,1.1,2.7,91
2026/2/13 2:00,76,110,35,74,3,1.1,2.5,92
2026/2/13 3:00,77,111,34,75,3,1.2,2.3,92
2026/2/13 4:00,77,112,33,76,3,1.2,2.1,93
2026/2/13 5:00,78,112,32,76,3,1.2,2,93
2026/2/13 6:00,77,111,33,75,3,1.1,2.2,92
2026/2/13 7:00,74,108,35,72,3,1,2.8,90
2026/2/13 8:00,70,103,41,67,3,0.9,4,86
2026/2/13 9:00,64,96,47,61,2,0.8,6.2,80
2026/2/13 10:00,58,87,54,54,2,0.7,8.4,73
2026/2/13 11:00,52,79,61,49,2,0.6,10.5,66
2026/2/13 12:00,48,72,67,45,2,0.5,11.9,61
2026/2/13 13:00,45,68,71,43,2,0.5,12.6,58
2026/2/13 14:00,44,66,74,42,2,0.4,12.9,56
2026/2/13 15:00,45,67,73,43,2,0.4,12.7,57
2026/2/13 16:00,48,71,68,46,2,0.5,11.9,61
2026/2/13 17:00,54,78,61,52,3,0.6,10,68
2026/2/13 18:00,59,86,52,58,3,0.7,8,75
2026/2/13 19:00,65,95,46,64,3,0.8,6.2,82
2026/2/13 20:00,68,99,43,67,3,0.8,5,85
2026/2/13 21:00,70,102,41,69,3,0.9,4.2,87
2026/2/13 22:00,72,104,39,70,3,0.9,3.7,88
2026/2/13 23:00,73,106,38,71,3,1,3.3,89
2026/2/14 0:00,74,107,37,72,3,1,3,90
2026/2/14 1:00,75,109,36,73,3,1.1,2.7,91
2026/2/14 2:00,76,110,35,74,3,1.1,2.5,92
2026/2/14 3:00,77,111,34,75,3,1.2,2.3,92
2026/2/14 4:00,77,112,33,76,3,1.2,2.1,93
2026/2/14 5:00,78,112,32,76,3,1.2,2,93
2026/2/14 6:00,77,111,33,75,3,1.1,2.2,92
2026/2/14 7:00,74,108,35,72,3,1,2.8,90
2026/2/14 8:00,70,103,41,67,3,0.9,4,86
2026/2/14 9:00,64,96,47,61,2,0.8,6.2,80
2026/2/14 10:00,58,87,54,54,2,0.7,8.4,73
2026/2/14 11:00,52,79,61,49,2,0.6,10.5,66
2026/2/14 12:00,48,72,67,45,2,0.5,11.9,61
2026/2/14 13:00,45,68,71,43,2,0.5,12.6,58
2026/2/14 14:00,44,66,74,42,2,0.4,12.9,56
2026/2/14 15:00,45,67,73,43,2,0.4,12.7,57
2026/2/14 16:00,48,71,68,46,2,0.5,11.9,61
2026/2/14 17:00,54,78,61,52,3,0.6,10,68
2026/2/14 18:00,59,86,52,58,3,0.7,8,75
2026/2/14 19:00,65,95,46,64,3,0.8,6.2,82
2026/2/14 20:00,68,99,43,67,3,0.8,5,85
2026/2/14 21:00,70,102,41,69,3,0.9,4.2,87
2026/2/14 22:00,72,104,39,70,3,0.9,3.7,88
2026/2/14 23:00,73,106,38,71,3,1,3.3,89
2026/2/15 0:00,74,107,37,72,3,1,3,90
2026/2/15 1:00,75,109,36,73,3,1.1,2.7,91
2026/2/15 2:00,76,110,35,74,3,1.1,2.5,92
2026/2/15 3:00,77,111,34,75,3,1.2,2.3,92
2026/2/15 4:00,77,112,33,76,3,1.2,2.1,93
2026/2/15 5:00,78,112,32,76,3,1.2,2,93
2026/2/15 6:00,77,111,33,75,3,1.1,2.2,92
2026/2/15 7:00,74,108,35,72,3,1,2.8,90
2026/2/15 8:00,70,103,41,67,3,0.9,4,86
2026/2/15 9:00,64,96,47,61,2,0.8,6.2,80
2026/2/15 10:00,58,87,54,54,2,0.7,8.4,73
2026/2/15 11:00,52,79,61,49,2,0.6,10.5,66
2026/2/15 12:00,48,72,67,45,2,0.5,11.9,61
2026/2/15 13:00,45,68,71,43,2,0.5,12.6,58
2026/2/15 14:00,44,66,74,42,2,0.4,12.9,56
2026/2/15 15:00,45,67,73,43,2,0.4,12.7,57
2026/2/15 16:00,48,71,68,46,2,0.5,11.9,61
2026/2/15 17:00,54,78,61,52,3,0.6,10,68
2026/2/15 18:00,59,86,52,58,3,0.7,8,75
2026/2/15 19:00,65,95,46,64,3,0.8,6.2,82
2026/2/15 20:00,68,99,43,67,3,0.8,5,85
2026/2/15 21:00,70,102,41,69,3,0.9,4.2,87
2026/2/15 22:00,72,104,39,70,3,0.9,3.7,88
2026/2/15 23:00,73,106,38,71,3,1,3.3,89
2026/2/16 0:00,74,107,37,72,3,1,3,90
2026/2/16 1:00,75,109,36,73,3,1.1,2.7,91
2026/2/16 2:00,76,110,35,74,3,1.1,2.5,92
2026/2/16 3:00,77,111,34,75,3,1.2,2.3,92
2026/2/16 4:00,77,112,33,76,3,1.2,2.1,93
2026/2/16 5:00,78,112,32,76,3,1.2,2,93
2026/2/16 6:00,77,111,33,75,3,1.1,2.2,92
2026/2/16 7:00,74,108,35,72,3,1,2.8,90
2026/2/16 8:00,70,103,41,67,3,0.9,4,86
2026/2/16 9:00,64,96,47,61,2,0.8,6.2,80
2026/2/16 10:00,58,87,54,54,2,0.7,8.4,73
2026/2/16 11:00,52,79,61,49,2,0.6,10.5,66
2026/2/16 12:00,48,72,67,45,2,0.5,11.9,61
2026/2/16 13:00,45,68,71,43,2,0.5,12.6,58
2026/2/16 14:00,44,66,74,42,2,0.4,12.9,56
2026/2/16 15:00,45,67,73,43,2,0.4,12.7,57
2026/2/16 16:00,48,71,68,46,2,0.5,11.9,61
2026/2/16 17:00,54,78,61,52,3,0.6,10,68
2026/2/16 18:00,59,86,52,58,3,0.7,8,75
2026/2/16 19:00,65,95,46,64,3,0.8,6.2,82
2026/2/16 20:00,68,99,43,67,3,0.8,5,85
2026/2/16 21:00,70,102,41,69,3,0.9,4.2,87
2026/2/16 22:00,72,104,39,70,3,0.9,3.7,88
2026/2/16 23:00,73,106,38,71,3,1,3.3,89
2026/2/17 0:00,74,107,37,72,3,1,3,90
2026/2/17 1:00,75,109,36,73,3,1.1,2.7,91
2026/2/17 2:00,76,110,35,74,3,1.1,2.5,92
2026/2/17 3:00,77,111,34,75,3,1.2,2.3,92
2026/2/17 4:00,77,112,33,76,3,1.2,2.1,93
2026/2/17 5:00,78,112,32,76,3,1.2,2,93
2026/2/17 6:00,77,111,33,75,3,1.1,2.2,92
2026/2/17 7:00,74,108,35,72,3,1,2.8,90
2026/2/17 8:00,70,103,41,67,3,0.9,4,86
2026/2/17 9:00,64,96,47,61,2,0.8,6.2,80
2026/2/17 10:00,58,87,54,54,2,0.7,8.4,73
2026/2/17 11:00,52,79,61,49,2,0.6,10.5,66
2026/2/17 12:00,48,72,67,45,2,0.5,11.9,61
2026/2/17 13:00,45,68,71,43,2,0.5,12.6,58
2026/2/17 14:00,44,66,74,42,2,0.4,12.9,56
2026/2/17 15:00,45,67,73,43,2,0.4,12.7,57
2026/2/17 16:00,48,71,68,46,2,0.5,11.9,61
2026/2/17 17:00,54,78,61,52,3,0.6,10,68
2026/2/17 18:00,59,86,52,58,3,0.7,8,75
2026/2/17 19:00,65,95,46,64,3,0.8,6.2,82
2026/2/17 20:00,68,99,43,67,3,0.8,5,85
2026/2/17 21:00,70,102,41,69,3,0.9,4.2,87
2026/2/17 22:00,72,104,39,70,3,0.9,3.7,88
2026/2/17 23:00,73,106,38,71,3,1,3.3,89
2026/2/18 0:00,74,107,37,72,3,1,3,90
2026/2/18 1:00,75,109,36,73,3,1.1,2.7,91
2026/2/18 2:00,76,110,35,74,3,1.1,2.5,92
2026/2/18 3:00,77,111,34,75,3,1.2,2.3,92
2026/2/18 4:00,77,112,33,76,3,1.2,2.1,93
2026/2/18 5:00,78,112,32,76,3,1.2,2,93
2026/2/18 6:00,77,111,33,75,3,1.1,2.2,92
2026/2/18 7:00,74,108,35,72,3,1,2.8,90
2026/2/18 8:00,70,103,41,67,3,0.9,4,86
2026/2/18 9:00,64,96,47,61,2,0.8,6.2,80
2026/2/18 10:00,58,87,54,54,2,0.7,8.4,73
2026/2/18 11:00,52,79,61,49,2,0.6,10.5,66
2026/2/18 12:00,48,72,67,45,2,0.5,11.9,61
2026/2/18 13:00,45,68,71,43,2,0.5,12.6,58
2026/2/18 14:00,44,66,74,42,2,0.4,12.9,56
2026/2/18 15:00,45,67,73,43,2,0.4,12.7,57
2026/2/18 16:00,48,71,68,46,2,0.5,11.9,61
2026/2/18 17:00,54,78,61,52,3,0.6,10,68
2026/2/18 18:00,59,86,52,58,3,0.7,8,75
2026/2/18 19:00,65,95,46,64,3,0.8,6.2,82
2026/2/18 20:00,68,99,43,67,3,0.8,5,85
2026/2/18 21:00,70,102,41,69,3,0.9,4.2,87
2026/2/18 22:00,72,104,39,70,3,0.9,3.7,88
2026/2/18 23:00,73,106,38,71,3,1,3.3,89
2026/2/19 0:00,74,107,37,72,3,1,3,90
2026/2/19 1:00,75,109,36,73,3,1.1,2.7,91
2026/2/19 2:00,76,110,35,74,3,1.1,2.5,92
2026/2/19 3:00,77,111,34,75,3,1.2,2.3,92
2026/2/19 4:00,77,112,33,76,3,1.2,2.1,93
2026/2/19 5:00,78,112,32,76,3,1.2,2,93
2026/2/19 6:00,77,111,33,75,3,1.1,2.2,92
2026/2/19 7:00,74,108,35,72,3,1,2.8,90
2026/2/19 8:00,70,103,41,67,3,0.9,4,86
2026/2/19 9:00,64,96,47,61,2,0.8,6.2,80
2026/2/19 10:00,58,87,54,54,2,0.7,8.4,73
2026/2/19 11:00,52,79,61,49,2,0.6,10.5,66
2026/2/19 12:00,48,72,67,45,2,0.5,11.9,61
2026/2/19 13:00,45,68,71,43,2,0.5,12.6,58
2026/2/19 14:00,44,66,74,42,2,0.4,12.9,56
2026/2/19 15:00,45,67,73,43,2,0.4,12.7,57
2026/2/19 16:00,48,71,68,46,2,0.5,11.9,61
2026/2/19 17:00,54,78,61,52,3,0.6,10,68
2026/2/19 18:00,59,86,52,58,3,0.7,8,75
2026/2/19 19:00,65,95,46,64,3,0.8,6.2,82
2026/2/19 20:00,68,99,43,67,3,0.8,5,85
2026/2/19 21:00,70,102,41,69,3,0.9,4.2,87
2026/2/19 22:00,72,104,39,70,3,0.9,3.7,88
2026/2/19 23:00,73,106,38,71,3,1,3.3,89
2026/2/20 0:00,74,107,37,72,3,1,3,90
2026/2/20 1:00,75,109,36,73,3,1.1,2.7,91
2026/2/20 2:00,76,110,35,74,3,1.1,2.5,92
2026/2/20 3:00,77,111,34,75,3,1.2,2.3,92
2026/2/20 4:00,77,112,33,76,3,1.2,2.1,93
2026/2/20 5:00,78,112,32,76,3,1.2,2,93
2026/2/20 6:00,77,111,33,75,3,1.1,2.2,92
2026/2/20 7:00,74,108,35,72,3,1,2.8,90
2026/2/20 8:00,70,103,41,67,3,0.9,4,86
2026/2/20 9:00,64,96,47,61,2,0.8,6.2,80
2026/2/20 10:00,58,87,54,54,2,0.7,8.4,73
2026/2/20 11:00,52,79,61,49,2,0.6,10.5,66
2026/2/20 12:00,48,72,67,45,2,0.5,11.9,61
2026/2/20 13:00,45,68,71,43,2,0.5,12.6,58
2026/2/20 14:00,44,66,74,42,2,0.4,12.9,56
2026/2/20 15:00,45,67,73,43,2,0.4,12.7,57
2026/2/20 16:00,48,71,68,46,2,0.5,11.9,61
2026/2/20 17:00,54,78,61,52,3,0.6,10,68
2026/2/20 18:00,59,86,52,58,3,0.7,8,75
2026/2/20 19:00,65,95,46,64,3,0.8,6.2,82
2026/2/20 20:00,68,99,43,67,3,0.8,5,85
2026/2/20 21:00,70,102,41,69,3,0.9,4.2,87
2026/2/20 22:00,72,104,39,70,3,0.9,3.7,88
2026/2/20 23:00,73,106,38,71,3,1,3.3,89
2026/2/21 0:00,74,107,37,72,3,1,3,90
2026/2/21 1:00,75,109,36,73,3,1.1,2.7,91
2026/2/21 2:00,76,110,35,74,3,1.1,2.5,92
2026/2/21 3:00,77,111,34,75,3,1.2,2.3,92
2026/2/21 4:00,77,112,33,76,3,1.2,2.1,93
2026/2/21 5:00,78,112,32,76,3,1.2,2,93
2026/2/21 6:00,77,111,33,75,3,1.1,2.2,92
2026/2/21 7:00,74,108,35,72,3,1,2.8,90
2026/2/21 8:00,70,103,41,67,3,0.9,4,86
2026/2/21 9:00,64,96,47,61,2,0.8,6.2,80
2026/2/21 10:00,58,87,54,54,2,0.7,8.4,73
2026/2/21 11:00,52,79,61,49,2,0.6,10.5,66
2026/2/21 12:00,48,72,67,45,2,0.5,11.9,61
2026/2/21 13:00,45,68,71,43,2,0.5,12.6,58
2026/2/21 14:00,44,66,74,42,2,0.4,12.9,56
2026/2/21 15:00,45,67,73,43,2,0.4,12.7,57
2026/2/21 16:00,48,71,68,46,2,0.5,11.9,61
2026/2/21 17:00,54,78,61,52,3,0.6,10,68
2026/2/21 18:00,59,86,52,58,3,0.7,8,75
2026/2/21 19:00,65,95,46,64,3,0.8,6.2,82
2026/2/21 20:00,68,99,43,67,3,0.8,5,85
2026/2/21 21:00,70,102,41,69,3,0.9,4.2,87
2026/2/21 22:00,72,104,39,70,3,0.9,3.7,88
2026/2/21 23:00,73,106,38,71,3,1,3.3,89
2026/2/22 0:00,74,107,37,72,3,1,3,90
2026/2/22 1:00,75,109,36,73,3,1.1,2.7,91
2026/2/22 2:00,76,110,35,74,3,1.1,2.5,92
2026/2/22 3:00,77,111,34,75,3,1.2,2.3,92
2026/2/22 4:00,77,112,33,76,3,1.2,2.1,93
2026/2/22 5:00,78,112,32,76,3,1.2,2,93
2026/2/22 6:00,77,111,33,75,3,1.1,2.2,92
2026/2/22 7:00,74,108,35,72,3,1,2.8,90
2026/2/22 8:00,70,103,41,67,3,0.9,4,86
2026/2/22 9:00,64,96,47,61,2,0.8,6.2,80
2026/2/22 10:00,58,87,54,54,2,0.7,8.4,73
2026/2/22 11:00,52,79,61,49,2,0.6,10.5,66
2026/2/22 12:00,48,72,67,45,2,0.5,11.9,61
2026/2/22 13:00,45,68,71,43,2,0.5,12.6,58
2026/2/22 14:00,44,66,74,42,2,0.4,12.9,56
2026/2/22 15:00,45,67,73,43,2,0.4,12.7,57
2026/2/22 16:00,48,71,68,46,2,0.5,11.9,61
2026/2/22 17:00,54,78,61,52,3,0.6,10,68
2026/2/22 18:00,59,86,52,58,3,0.7,8,75
2026/2/22 19:00,65,95,46,64,3,0.8,6.2,82
2026/2/22 20:00,68,99,43,67,3,0.8,5,85
2026/2/22 21:00,70,102,41,69,3,0.9,4.2,87
2026/2/22 22:00,72,104,39,70,3,0.9,3.7,88
2026/2/22 23:00,73,106,38,71,3,1,3.3,89
2026/2/23 0:00,74,107,37,72,3,1,3,90
2026/2/23 1:00,75,109,36,73,3,1.1,2.7,91
2026/2/23 2:00,76,110,35,74,3,1.1,2.5,92
2026/2/23 3:00,77,111,34,75,3,1.2,2.3,92
2026/2/23 4:00,77,112,33,76,3,1.2,2.1,93
2026/2/23 5:00,78,112,32,76,3,1.2,2,93
2026/2/23 6:00,77,111,33,75,3,1.1,2.2,92
2026/2/23 7:00,74,108,35,72,3,1,2.8,90
2026/2/23 8:00,70,103,41,67,3,0.9,4,86
2026/2/23 9:00,64,96,47,61,2,0.8,6.2,80
2026/2/23 10:00,58,87,54,54,2,0.7,8.4,73
2026/2/23 11:00,52,79,61,49,2,0.6,10.5,66
2026/2/23 12:00,48,72,67,45,2,0.5,11.9,61
2026/2/23 13:00,45,68,71,43,2,0.5,12.6,58
2026/2/23 14:00,44,66,74,42,2,0.4,12.9,56
2026/2/23 15:00,45,67,73,43,2,0.4,12.7,57
2026/2/23 16:00,48,71,68,46,2,0.5,11.9,61
2026/2/23 17:00,54,78,61,52,3,0.6,10,68
2026/2/23 18:00,59,86,52,58,3,0.7,8,75
2026/2/23 19:00,65,95,46,64,3,0.8,6.2,82
2026/2/23 20:00,68,99,43,67,3,0.8,5,85
2026/2/23 21:00,70,102,41,69,3,0.9,4.2,87
2026/2/23 22:00,72,104,39,70,3,0.9,3.7,88
2026/2/23 23:00,73,106,38,71,3,1,3.3,89
2026/2/24 0:00,74,107,37,72,3,1,3,90
2026/2/24 1:00,75,109,36,73,3,1.1,2.7,91
2026/2/24 2:00,76,110,35,74,3,1.1,2.5,92
2026/2/24 3:00,77,111,34,75,3,1.2,2.3,92
2026/2/24 4:00,77,112,33,76,3,1.2,2.1,93
2026/2/24 5:00,78,112,32,76,3,1.2,2,93
2026/2/24 6:00,77,111,33,75,3,1.1,2.2,92
2026/2/24 7:00,74,108,35,72,3,1,2.8,90
2026/2/24 8:00,70,103,41,67,3,0.9,4,86
2026/2/24 9:00,64,96,47,61,2,0.8,6.2,80
2026/2/24 10:00,58,87,54,54,2,0.7,8.4,73
2026/2/24 11:00,52,79,61,49,2,0.6,10.5,66
2026/2/24 12:00,48,72,67,45,2,0.5,11.9,61
2026/2/24 13:00,45,68,71,43,2,0.5,12.6,58
2026/2/24 14:00,44,66,74,42,2,0.4,12.9,56
2026/2/24 15:00,45,67,73,43,2,0.4,12.7,57
2026/2/24 16:00,48,71,68,46,2,0.5,11.9,61
2026/2/24 17:00,54,78,61,52,3,0.6,10,68
2026/2/24 18:00,59,86,52,58,3,0.7,8,75
2026/2/24 19:00,65,95,46,64,3,0.8,6.2,82
2026/2/24 20:00,68,99,43,67,3,0.8,5,85
2026/2/24 21:00,70,102,41,69,3,0.9,4.2,87
2026/2/24 22:00,72,104,39,70,3,0.9,3.7,88
2026/2/24 23:00,73,106,38,71,3,1,3.3,89
2026/2/25 0:00,74,107,37,72,3,1,3,90
2026/2/25 1:00,75,109,36,73,3,1.1,2.7,91
2026/2/25 2:00,76,110,35,74,3,1.1,2.5,92
2026/2/25 3:00,77,111,34,75,3,1.2,2.3,92
2026/2/25 4:00,77,112,33,76,3,1.2,2.1,93
2026/2/25 5:00,78,112,32,76,3,1.2,2,93
2026/2/25 6:00,77,111,33,75,3,1.1,2.2,92
2026/2/25 7:00,74,108,35,72,3,1,2.8,90
2026/2/25 8:00,70,103,41,67,3,0.9,4,86
2026/2/25 9:00,64,96,47,61,2,0.8,6.2,80
2026/2/25 10:00,58,87,54,54,2,0.7,8.4,73
2026/2/25 11:00,52,79,61,49,2,0.6,10.5,66
2026/2/25 12:00,48,72,67,45,2,0.5,11.9,61
2026/2/25 13:00,45,68,71,43,2,0.5,12.6,58
2026/2/25 14:00,44,66,74,42,2,0.4,12.9,56
2026/2/25 15:00,45,67,73,43,2,0.4,12.7,57
2026/2/25 16:00,48,71,68,46,2,0.5,11.9,61
2026/2/25 17:00,54,78,61,52,3,0.6,10,68
2026/2/25 18:00,59,86,52,58,3,0.7,8,75
2026/2/25 19:00,65,95,46,64,3,0.8,6.2,82
2026/2/25 20:00,68,99,43,67,3,0.8,5,85
2026/2/25 21:00,70,102,41,69,3,0.9,4.2,87
2026/2/25 22:00,72,104,39,70,3,0.9,3.7,88
2026/2/25 23:00,73,106,38,71,3,1,3.3,89
2026/2/26 0:00,74,107,37,72,3,1,3,90
2026/2/26 1:00,75,109,36,73,3,1.1,2.7,91
2026/2/26 2:00,76,110,35,74,3,1.1,2.5,92
2026/2/26 3:00,77,111,34,75,3,1.2,2.3,92
2026/2/26 4:00,77,112,33,76,3,1.2,2.1,93
2026/2/26 5:00,78,112,32,76,3,1.2,2,93
2026/2/26 6:00,77,111,33,75,3,1.1,2.2,92
2026/2/26 7:00,74,108,35,72,3,1,2.8,90
2026/2/26 8:00,70,103,41,67,3,0.9,4,86
2026/2/26 9:00,64,96,47,61,2,0.8,6.2,80
2026/2/26 10:00,58,87,54,54,2,0.7,8.4,73
2026/2/26 11:00,52,79,61,49,2,0.6,10.5,66
2026/2/26 12:00,48,72,67,45,2,0.5,11.9,61
2026/2/26 13:00,45,68,71,43,2,0.5,12.6,58
2026/2/26 14:00,44,66,74,42,2,0.4,12.9,56
2026/2/26 15:00,45,67,73,43,2,0.4,12.7,57
2026/2/26 16:00,48,71,68,46,2,0.5,11.9,61
2026/2/26 17:00,54,78,61,52,3,0.6,10,68
2026/2/26 18:00,59,86,52,58,3,0.7,8,75
2026/2/26 19:00,65,95,46,64,3,0.8,6.2,82
2026/2/26 20:00,68,99,43,67,3,0.8,5,85
2026/2/26 21:00,70,102,41,69,3,0.9,4.2,87
2026/2/26 22:00,72,104,39,70,3,0.9,3.7,88
2026/2/26 23:00,73,106,38,71,3,1,3.3,89
2026/2/27 0:00,74,107,37,72,3,1,3,90
2026/2/27 1:00,75,109,36,73,3,1.1,2.7,91
2026/2/27 2:00,76,110,35,74,3,1.1,2.5,92
2026/2/27 3:00,77,111,34,75,3,1.2,2.3,92
2026/2/27 4:00,77,112,33,76,3,1.2,2.1,93
2026/2/27 5:00,78,112,32,76,3,1.2,2,93
2026/2/27 6:00,77,111,33,75,3,1.1,2.2,92
2026/2/27 7:00,74,108,35,72,3,1,2.8,90
2026/2/27 8:00,70,103,41,67,3,0.9,4,86
2026/2/27 9:00,64,96,47,61,2,0.8,6.2,80
2026/2/27 10:00,58,87,54,54,2,0.7,8.4,73
2026/2/27 11:00,52,79,61,49,2,0.6,10.5,66
2026/2/27 12:00,48,72,67,45,2,0.5,11.9,61
2026/2/27 13:00,45,68,71,43,2,0.5,12.6,58
2026/2/27 14:00,44,66,74,42,2,0.4,12.9,56
2026/2/27 15:00,45,67,73,43,2,0.4,12.7,57
2026/2/27 16:00,48,71,68,46,2,0.5,11.9,61
2026/2/27 17:00,54,78,61,52,3,0.6,10,68
2026/2/27 18:00,59,86,52,58,3,0.7,8,75
2026/2/27 19:00,65,95,46,64,3,0.8,6.2,82
2026/2/27 20:00,68,99,43,67,3,0.8,5,85
2026/2/27 21:00,70,102,41,69,3,0.9,4.2,87
2026/2/27 22:00,72,104,39,70,3,0.9,3.7,88
2026/2/27 23:00,73,106,38,71,3,1,3.3,89
2026/2/28 0:00,74,107,37,72,3,1,3,90
2026/2/28 1:00,75,109,36,73,3,1.1,2.7,91
2026/2/28 2:00,76,110,35,74,3,1.1,2.5,92
2026/2/28 3:00,77,111,34,75,3,1.2,2.3,92
2026/2/28 4:00,77,112,33,76,3,1.2,2.1,93
2026/2/28 5:00,78,112,32,76,3,1.2,2,93
2026/2/28 6:00,77,111,33,75,3,1.1,2.2,92
2026/2/28 7:00,74,108,35,72,3,1,2.8,90
2026/2/28 8:00,70,103,41,67,3,0.9,4,86
2026/2/28 9:00,64,96,47,61,2,0.8,6.2,80
2026/2/28 10:00,58,87,54,54,2,0.7,8.4,73
2026/2/28 11:00,52,79,61,49,2,0.6,10.5,66
2026/2/28 12:00,48,72,67,45,2,0.5,11.9,61
2026/2/28 13:00,45,68,71,43,2,0.5,12.6,58
2026/2/28 14:00,44,66,74,42,2,0.4,12.9,56
2026/2/28 15:00,45,67,73,43,2,0.4,12.7,57
2026/2/28 16:00,48,71,68,46,2,0.5,11.9,61
2026/2/28 17:00,54,78,61,52,3,0.6,10,68
2026/2/28 18:00,59,86,52,58,3,0.7,8,75
2026/2/28 19:00,65,95,46,64,3,0.8,6.2,82
2026/2/28 20:00,68,99,43,67,3,0.8,5,85
2026/2/28 21:00,70,102,41,69,3,0.9,4.2,87
2026/2/28 22:00,72,104,39,70,3,0.9,3.7,88
2026/2/28 23:00,73,106,38,71,3,1,3.3,89
2026/3/1 0:00,42,65,78,39,2,0.4,13.2,54
2026/3/1 1:00,40,62,80,37,2,0.4,12.8,56
2026/3/1 2:00,38,59,82,35,2,0.3,12.4,58
2026/3/1 3:00,36,56,84,33,2,0.3,12,60
2026/3/1 4:00,35,54,85,32,2,0.3,11.7,61
2026/3/1 5:00,36,56,83,33,2,0.3,11.9,60
2026/3/1 6:00,38,59,80,35,2,0.4,12.3,58
2026/3/1 7:00,41,64,75,38,2,0.4,13,55
2026/3/1 8:00,45,70,69,42,2,0.5,13.8,52
2026/3/1 9:00,50,78,62,47,2,0.5,14.7,49
2026/3/1 10:00,55,86,55,52,3,0.6,15.6,46
2026/3/1 11:00,60,94,49,57,3,0.7,16.3,43
2026/3/1 12:00,64,101,44,61,3,0.7,16.8,41
2026/3/1 13:00,67,106,41,64,3,0.8,17,40
2026/3/1 14:00,68,108,40,65,3,0.8,17.1,39
2026/3/1 15:00,67,106,41,64,3,0.8,16.9,40
2026/3/1 16:00,64,101,44,61,3,0.7,16.4,42
2026/3/1 17:00,59,93,50,56,3,0.6,15.5,46
2026/3/1 18:00,53,84,57,50,3,0.6,14.2,51
2026/3/1 19:00,48,76,64,45,2,0.5,12.7,57
2026/3/1 20:00,44,70,70,41,2,0.5,11.3,63
2026/3/1 21:00,41,65,75,38,2,0.4,10.2,68
2026/3/1 22:00,39,61,79,36,2,0.4,9.3,72
2026/3/1 23:00,38,59,81,35,2,0.3,8.7,75
2026/3/2 0:00,37,57,83,34,2,0.3,8.2,77
2026/3/2 1:00,36,55,85,33,2,0.3,7.8,79
2026/3/2 2:00,35,53,86,32,2,0.3,7.5,81
2026/3/2 3:00,35,53,86,32,2,0.3,7.3,82
2026/3/2 4:00,36,55,84,33,2,0.3,7.4,81
2026/3/2 5:00,38,58,81,35,2,0.4,7.8,79
2026/3/2 6:00,41,63,76,38,2,0.4,8.5,76
2026/3/2 7:00,46,71,68,43,2,0.5,9.6,71
2026/3/2 8:00,52,80,60,49,3,0.6,11,65
2026/3/2 9:00,58,89,53,55,3,0.7,12.5,59
2026/3/2 10:00,63,97,47,60,3,0.8,14,53
2026/3/2 11:00,67,104,42,64,3,0.8,15.2,48
2026/3/2 12:00,70,109,39,67,3,0.9,16,45
2026/3/2 13:00,71,111,38,68,3,0.9,16.4,43
2026/3/2 14:00,71,111,38,68,3,0.9,16.5,43
2026/3/2 15:00,70,109,39,67,3,0.9,16.2,44
2026/3/2 16:00,67,104,42,64,3,0.8,15.6,47
2026/3/2 17:00,62,96,48,59,3,0.7,14.5,52
2026/3/2 18:00,56,87,55,53,3,0.6,13,59
2026/3/2 19:00,50,78,63,47,2,0.5,11.4,66
2026/3/2 20:00,45,70,70,42,2,0.5,10,72
2026/3/2 21:00,42,65,76,39,2,0.4,9,77
2026/3/2 22:00,40,61,80,37,2,0.4,8.3,80
2026/3/2 23:00,39,59,82,36,2,0.3,7.9,82
2026/3/3 0:00,38,57,84,35,2,0.3,7.6,84
2026/3/3 1:00,37,55,86,34,2,0.3,7.4,85
2026/3/3 2:00,36,53,87,33,2,0.3,7.2,86
2026/3/3 3:00,36,53,87,33,2,0.3,7.1,87
2026/3/3 4:00,37,55,85,34,2,0.3,7.3,86
2026/3/3 5:00,39,58,82,36,2,0.4,7.8,84
2026/3/3 6:00,43,65,75,40,2,0.4,8.8,80
2026/3/3 7:00,49,74,66,46,3,0.5,10.2,74
2026/3/3 8:00,55,84,58,52,3,0.6,11.8,67
2026/3/3 9:00,61,93,50,58,3,0.7,13.4,60
2026/3/3 10:00,66,101,44,63,3,0.8,14.8,54
2026/3/3 11:00,70,108,39,67,3,0.8,15.9,49
2026/3/3 12:00,72,112,37,69,3,0.9,16.6,46
2026/3/3 13:00,73,114,36,70,4,0.9,16.9,45
2026/3/3 14:00,73,114,36,70,4,0.9,17,44
2026/3/3 15:00,72,112,37,69,4,0.9,16.7,46
2026/3/3 16:00,69,107,41,66,3,0.8,16,49
2026/3/3 17:00,64,99,47,60,3,0.7,14.8,55
2026/3/3 18:00,58,89,55,54,3,0.6,13.2,62
2026/3/3 19:00,52,80,63,48,3,0.5,11.5,70
2026/3/3 20:00,47,72,70,43,2,0.5,10.1,76
2026/3/3 21:00,44,67,76,39,2,0.4,9.1,80
2026/3/3 22:00,42,63,80,37,2,0.4,8.4,83
2026/3/3 23:00,41,61,82,36,2,0.3,8,85
2026/3/4 0:00,40,59,84,35,2,0.3,7.7,87
2026/3/4 1:00,39,57,86,34,2,0.3,7.5,88
2026/3/4 2:00,38,55,87,33,2,0.3,7.3,89
2026/3/4 3:00,38,55,87,33,2,0.3,7.2,90
2026/3/4 4:00,39,57,85,34,2,0.3,7.4,89
2026/3/4 5:00,41,61,81,36,2,0.4,8,86
2026/3/4 6:00,45,68,73,41,2,0.4,9.1,82
2026/3/4 7:00,51,78,64,47,3,0.5,10.7,75
2026/3/4 8:00,57,87,56,53,3,0.6,12.3,68
2026/3/4 9:00,63,97,48,59,3,0.7,13.9,61
2026/3/4 10:00,68,105,42,64,3,0.8,15.3,55
2026/3/4 11:00,71,110,38,67,4,0.8,16.4,50
2026/3/4 12:00,73,114,36,69,4,0.9,17.1,47
2026/3/4 13:00,74,116,35,70,4,0.9,17.4,46
2026/3/4 14:00,74,116,35,70,4,0.9,17.5,45
2026/3/4 15:00,73,114,36,69,4,0.9,17.2,47
2026/3/4 16:00,70,109,40,66,3,0.8,16.4,50
2026/3/4 17:00,65,100,46,60,3,0.7,15.1,56
2026/3/4 18:00,59,90,54,54,3,0.6,13.4,64
2026/3/4 19:00,53,81,62,48,3,0.5,11.7,72
2026/3/4 20:00,48,73,69,43,2,0.5,10.2,78
2026/3/4 21:00,45,68,75,39,2,0.4,9.2,82
2026/3/4 22:00,43,64,79,37,2,0.4,8.5,85
2026/3/4 23:00,42,62,81,36,2,0.3,8.1,87
2026/3/5 0:00,41,60,83,35,2,0.3,7.8,89
2026/3/5 1:00,40,58,85,34,2,0.3,7.6,90
2026/3/5 2:00,39,56,86,33,2,0.3,7.4,91
2026/3/5 3:00,39,56,86,33,2,0.3,7.3,92
2026/3/5 4:00,40,58,84,34,2,0.3,7.5,91
2026/3/5 5:00,42,62,80,36,2,0.4,8.1,88
2026/3/5 6:00,47,69,72,41,2,0.4,9.3,83
2026/3/5 7:00,53,79,63,47,3,0.5,10.9,76
2026/3/5 8:00,59,89,55,53,3,0.6,12.5,69
2026/3/5 9:00,65,98,47,59,3,0.7,14.1,62
2026/3/5 10:00,70,107,41,64,4,0.8,15.5,56
2026/3/5 11:00,73,112,37,67,4,0.8,16.6,51
2026/3/5 12:00,75,116,35,69,4,0.9,17.3,48
2026/3/5 13:00,76,118,34,70,4,0.9,17.6,47
2026/3/5 14:00,76,118,34,70,4,0.9,17.7,46
2026/3/5 15:00,75,116,35,69,4,0.9,17.4,48
2026/3/5 16:00,72,111,39,66,3,0.8,16.6,51
2026/3/5 17:00,67,102,45,60,3,0.7,15.3,57
2026/3/5 18:00,61,92,53,54,3,0.6,13.6,65
2026/3/5 19:00,55,82,61,48,3,0.5,11.9,73
2026/3/5 20:00,50,74,68,43,2,0.5,10.4,79
2026/3/5 21:00,47,69,74,39,2,0.4,9.3,83
2026/3/5 22:00,45,65,78,37,2,0.4,8.6,86
2026/3/5 23:00,44,63,80,36,2,0.3,8.2,88
2026/3/6 0:00,43,61,82,35,2,0.3,7.9,90
2026/3/6 1:00,42,59,84,34,2,0.3,7.7,91
2026/3/6 2:00,41,57,85,33,2,0.3,7.5,92
2026/3/6 3:00,41,57,85,33,2,0.3,7.4,93
2026/3/6 4:00,42,59,83,34,2,0.3,7.6,92
2026/3/6 5:00,44,63,79,36,2,0.4,8.2,89
2026/3/6 6:00,49,71,71,41,2,0.4,9.4,84
2026/3/6 7:00,55,81,62,47,3,0.5,11,77
2026/3/6 8:00,61,90,54,53,3,0.6,12.6,70
2026/3/6 9:00,67,100,46,59,3,0.7,14.2,63
2026/3/6 10:00,71,108,40,64,4,0.8,15.6,57
2026/3/6 11:00,74,113,36,67,4,0.8,16.7,52
2026/3/6 12:00,76,117,34,69,4,0.9,17.4,49
2026/3/6 13:00,77,119,33,70,4,0.9,17.7,48
2026/3/6 14:00,77,119,33,70,4,0.9,17.8,47
2026/3/6 15:00,76,117,34,69,4,0.9,17.5,49
2026/3/6 16:00,73,112,38,66,3,0.8,16.7,52
2026/3/6 17:00,68,102,45,60,3,0.7,15.3,57
2026/3/6 18:00,62,92,53,54,3,0.6,13.6,65
2026/3/6 19:00,56,82,61,48,3,0.5,11.9,73
2026/3/6 20:00,51,74,68,43,2,0.5,10.4,79
2026/3/6 21:00,48,69,74,39,2,0.4,9.3,83
2026/3/6 22:00,46,65,78,37,2,0.4,8.6,86
2026/3/6 23:00,45,63,80,36,2,0.3,8.2,88
2026/3/7 0:00,44,61,82,35,2,0.3,7.9,90
2026/3/7 1:00,43,59,84,34,2,0.3,7.7,91
2026/3/7 2:00,42,57,85,33,2,0.3,7.5,92
2026/3/7 3:00,42,57,85,33,2,0.3,7.4,93
2026/3/7 4:00,43,59,83,34,2,0.3,7.6,92
2026/3/7 5:00,45,63,79,36,2,0.4,8.2,89
2026/3/7 6:00,50,71,71,41,2,0.4,9.4,84
2026/3/7 7:00,56,81,62,47,3,0.5,11,77
2026/3/7 8:00,62,90,54,53,3,0.6,12.6,70
2026/3/7 9:00,68,100,46,59,3,0.7,14.2,63
2026/3/7 10:00,72,108,40,64,4,0.8,15.6,57
2026/3/7 11:00,75,113,36,67,4,0.8,16.7,52
2026/3/7 12:00,77,117,34,69,4,0.9,17.4,49
2026/3/7 13:00,78,119,33,70,4,0.9,17.7,48
2026/3/7 14:00,78,119,33,70,4,0.9,17.8,47
2026/3/7 15:00,77,117,34,69,4,0.9,17.5,49
2026/3/7 16:00,74,112,38,66,3,0.8,16.7,52
2026/3/7 17:00,69,103,44,60,3,0.7,15.4,58
2026/3/7 18:00,63,93,52,54,3,0.6,13.7,66
2026/3/7 19:00,57,83,60,48,3,0.5,12,74
2026/3/7 20:00,52,75,67,43,2,0.5,10.5,80
2026/3/7 21:00,49,70,73,39,2,0.4,9.4,84
2026/3/7 22:00,47,66,77,37,2,0.4,8.7,87
2026/3/7 23:00,46,64,79,36,2,0.3,8.3,89
2026/3/8 0:00,45,62,81,35,2,0.3,8,91
2026/3/8 1:00,44,60,83,34,2,0.3,7.8,92
2026/3/8 2:00,43,58,84,33,2,0.3,7.6,93
2026/3/8 3:00,43,58,84,33,2,0.3,7.5,94
2026/3/8 4:00,44,60,82,34,2,0.3,7.7,93
2026/3/8 5:00,46,64,78,36,2,0.4,8.3,90
2026/3/8 6:00,51,72,70,41,2,0.4,9.5,85
2026/3/8 7:00,57,82,61,47,3,0.5,11.1,78
2026/3/8 8:00,63,91,53,53,3,0.6,12.7,71
2026/3/8 9:00,69,101,45,59,3,0.7,14.3,64
2026/3/8 10:00,73,109,39,64,4,0.8,15.7,58
2026/3/8 11:00,76,114,35,67,4,0.8,16.8,53
2026/3/8 12:00,78,118,33,69,4,0.9,17.5,50
2026/3/8 13:00,79,120,32,70,4,0.9,17.8,49
2026/3/8 14:00,79,120,32,70,4,0.9,17.9,48
2026/3/8 15:00,78,118,33,69,4,0.9,17.6,50
2026/3/8 16:00,75,113,37,66,3,0.8,16.8,53
2026/3/8 17:00,70,104,43,60,3,0.7,15.5,59
2026/3/8 18:00,64,94,51,54,3,0.6,13.8,67
2026/3/8 19:00,58,84,59,48,3,0.5,12.1,75
2026/3/8 20:00,53,76,66,43,2,0.5,10.6,81
2026/3/8 21:00,50,71,72,39,2,0.4,9.5,85
2026/3/8 22:00,48,67,76,37,2,0.4,8.8,88
2026/3/8 23:00,47,65,78,36,2,0.3,8.4,90
2026/3/9 0:00,46,63,80,35,2,0.3,8.1,92
2026/3/9 1:00,45,61,82,34,2,0.3,7.9,93
2026/3/9 2:00,44,59,83,33,2,0.3,7.7,94
2026/3/9 3:00,44,59,83,33,2,0.3,7.6,95
2026/3/9 4:00,45,61,81,34,2,0.3,7.8,94
2026/3/9 5:00,47,65,77,36,2,0.4,8.4,91
2026/3/9 6:00,52,73,69,41,2,0.4,9.6,86
2026/3/9 7:00,58,83,60,47,3,0.5,11.2,79
2026/3/9 8:00,64,92,52,53,3,0.6,12.8,72
2026/3/9 9:00,70,102,44,59,3,0.7,14.4,65
2026/3/9 10:00,74,110,38,64,4,0.8,15.8,59
2026/3/9 11:00,77,115,34,67,4,0.8,16.9,54
2026/3/9 12:00,79,119,32,69,4,0.9,17.6,51
2026/3/9 13:00,80,121,31,70,4,0.9,17.9,50
2026/3/9 14:00,80,121,31,70,4,0.9,18,49
2026/3/9 15:00,79,119,32,69,4,0.9,17.7,51
2026/3/9 16:00,76,114,36,66,3,0.8,16.9,54
2026/3/9 17:00,71,105,42,60,3,0.7,15.6,60
2026/3/9 18:00,65,95,50,54,3,0.6,13.9,68
2026/3/9 19:00,59,85,58,48,3,0.5,12.2,76
2026/3/9 20:00,54,77,65,43,2,0.5,10.7,82
2026/3/9 21:00,51,72,71,39,2,0.4,9.6,86
2026/3/9 22:00,49,68,75,37,2,0.4,8.9,89
2026/3/9 23:00,48,66,77,36,2,0.3,8.5,91
2026/3/10 0:00,47,64,79,35,2,0.3,8.2,93
2026/3/10 1:00,46,62,81,34,2,0.3,8,94
2026/3/10 2:00,45,60,82,33,2,0.3,7.8,95
2026/3/10 3:00,45,60,82,33,2,0.3,7.7,96
2026/3/10 4:00,46,62,80,34,2,0.3,7.9,95
2026/3/10 5:00,48,66,76,36,2,0.4,8.5,92
2026/3/10 6:00,53,74,68,41,2,0.4,9.7,87
2026/3/10 7:00,59,84,59,47,3,0.5,11.3,80
2026/3/10 8:00,65,93,51,53,3,0.6,12.9,73
2026/3/10 9:00,71,103,43,59,3,0.7,14.5,66
2026/3/10 10:00,75,111,37,64,4,0.8,15.9,60
2026/3/10 11:00,78,116,33,67,4,0.8,17,55
2026/3/10 12:00,80,120,31,69,4,0.9,17.7,52
2026/3/10 13:00,81,122,30,70,4,0.9,18,51
2026/3/10 14:00,81,122,30,70,4,0.9,18.1,50
2026/3/10 15:00,80,120,31,69,4,0.9,17.8,52
2026/3/10 16:00,77,115,35,66,3,0.8,17,55
2026/3/10 17:00,72,106,41,60,3,0.7,15.7,61
2026/3/10 18:00,66,96,49,54,3,0.6,14,69
2026/3/10 19:00,60,86,57,48,3,0.5,12.3,77
2026/3/10 20:00,55,78,64,43,2,0.5,10.8,83
2026/3/10 21:00,52,73,70,39,2,0.4,9.7,87
2026/3/10 22:00,50,69,74,37,2,0.4,9,90
2026/3/10 23:00,49,67,76,36,2,0.3,8.6,92
2026/3/11 0:00,48,65,78,35,2,0.3,8.3,94
2026/3/11 1:00,47,63,80,34,2,0.3,8.1,95
2026/3/11 2:00,46,61,81,33,2,0.3,7.9,96
2026/3/11 3:00,46,61,81,33,2,0.3,7.8,97
2026/3/11 4:00,47,63,79,34,2,0.3,8,96
2026/3/11 5:00,49,67,75,36,2,0.4,8.6,93
2026/3/11 6:00,54,75,67,41,2,0.4,9.8,88
2026/3/11 7:00,60,85,58,47,3,0.5,11.4,81
2026/3/11 8:00,66,94,50,53,3,0.6,13,74
2026/3/11 9:00,72,104,42,59,3,0.7,14.6,67
2026/3/11 10:00,76,112,36,64,4,0.8,16,61
2026/3/11 11:00,79,117,32,67,4,0.8,17.1,56
2026/3/11 12:00,81,121,30,69,4,0.9,17.8,53
2026/3/11 13:00,82,123,29,70,4,0.9,18.1,52
2026/3/11 14:00,82,123,29,70,4,0.9,18.2,51
2026/3/11 15:00,81,121,30,69,4,0.9,17.9,53
2026/3/11 16:00,78,116,34,66,3,0.8,17.1,56
2026/3/11 17:00,73,107,40,60,3,0.7,15.8,62
2026/3/11 18:00,67,97,48,54,3,0.6,14.1,70
2026/3/11 19:00,61,87,56,48,3,0.5,12.4,78
2026/3/11 20:00,56,79,63,43,2,0.5,10.9,84
2026/3/11 21:00,53,74,69,39,2,0.4,9.8,88
2026/3/11 22:00,51,70,73,37,2,0.4,9.1,91
2026/3/11 23:00,50,68,75,36,2,0.3,8.7,93
2026/3/12 0:00,49,66,77,35,2,0.3,8.4,95
2026/3/12 1:00,48,64,79,34,2,0.3,8.2,96
2026/3/12 2:00,47,62,80,33,2,0.3,8,97
2026/3/12 3:00,47,62,80,33,2,0.3,7.9,98
2026/3/12 4:00,48,64,78,34,2,0.3,8.1,97
2026/3/12 5:00,50,68,74,36,2,0.4,8.7,94
2026/3/12 6:00,55,76,66,41,2,0.4,9.9,89
2026/3/12 7:00,61,86,57,47,3,0.5,11.5,82
2026/3/12 8:00,67,95,49,53,3,0.6,13.1,75
2026/3/12 9:00,73,105,41,59,3,0.7,14.7,68
2026/3/12 10:00,77,113,35,64,4,0.8,16.1,62
2026/3/12 11:00,80,118,31,67,4,0.8,17.2,57
2026/3/12 12:00,82,122,29,69,4,0.9,17.9,54
2026/3/12 13:00,83,124,28,70,4,0.9,18.2,53
2026/3/12 14:00,83,124,28,70,4,0.9,18.3,52
2026/3/12 15:00,82,122,29,69,4,0.9,18,54
2026/3/12 16:00,79,117,33,66,3,0.8,17.2,57
2026/3/12 17:00,74,108,39,60,3,0.7,15.9,63
2026/3/12 18:00,68,98,47,54,3,0.6,14.2,71
2026/3/12 19:00,62,88,55,48,3,0.5,12.5,79
2026/3/12 20:00,57,80,62,43,2,0.5,11,85
2026/3/12 21:00,54,75,68,39,2,0.4,9.9,89
2026/3/12 22:00,52,71,72,37,2,0.4,9.2,92
2026/3/12 23:00,51,69,74,36,2,0.3,8.8,94
2026/3/13 0:00,50,67,76,35,2,0.3,8.5,96
2026/3/13 1:00,49,65,78,34,2,0.3,8.3,97
2026/3/13 2:00,48,63,79,33,2,0.3,8.1,98
2026/3/13 3:00,48,63,79,33,2,0.3,8,99
2026/3/13 4:00,49,65,77,34,2,0.3,8.2,98
2026/3/13 5:00,51,69,73,36,2,0.4,8.8,95
2026/3/13 6:00,56,77,65,41,2,0.4,10,90
2026/3/13 7:00,62,87,56,47,3,0.5,11.6,83
2026/3/13 8:00,68,96,48,53,3,0.6,13.2,76
2026/3/13 9:00,74,106,40,59,3,0.7,14.8,69
2026/3/13 10:00,78,114,34,64,4,0.8,16.2,63
2026/3/13 11:00,81,119,30,67,4,0.8,17.3,58
2026/3/13 12:00,83,123,28,69,4,0.9,18,55
2026/3/13 13:00,84,125,27,70,4,0.9,18.3,54
2026/3/13 14:00,84,125,27,70,4,0.9,18.4,53
2026/3/13 15:00,83,123,28,69,4,0.9,18.1,55
2026/3/13 16:00,80,118,32,66,3,0.8,17.3,58
2026/3/13 17:00,75,109,38,60,3,0.7,16,64
2026/3/13 18:00,69,99,46,54,3,0.6,14.3,72
2026/3/13 19:00,63,89,54,48,3,0.5,12.6,80
2026/3/13 20:00,58,81,61,43,2,0.5,11.1,86
2026/3/13 21:00,55,76,67,39,2,0.4,10,90
2026/3/13 22:00,53,72,71,37,2,0.4,9.3,93
2026/3/13 23:00,52,70,73,36,2,0.3,8.9,95
2026/3/14 0:00,51,68,75,35,2,0.3,8.6,97
2026/3/14 1:00,50,66,77,34,2,0.3,8.4,98
2026/3/14 2:00,49,64,78,33,2,0.3,8.2,99
2026/3/14 3:00,49,64,78,33,2,0.3,8.1,100
2026/3/14 4:00,50,66,76,34,2,0.3,8.3,99
2026/3/14 5:00,52,70,72,36,2,0.4,8.9,96
2026/3/14 6:00,57,78,64,41,2,0.4,10.1,91
2026/3/14 7:00,63,88,55,47,3,0.5,11.7,84
2026/3/14 8:00,69,97,47,53,3,0.6,13.3,77
2026/3/14 9:00,75,107,39,59,3,0.7,14.9,70
2026/3/14 10:00,79,115,33,64,4,0.8,16.3,64
2026/3/14 11:00,82,120,29,67,4,0.8,17.4,59
2026/3/14 12:00,84,124,27,69,4,0.9,18.1,56
2026/3/14 13:00,85,126,26,70,4,0.9,18.4,55
2026/3/14 14:00,85,126,26,70,4,0.9,18.5,54
2026/3/14 15:00,84,124,27,69,4,0.9,18.2,56
2026/3/14 16:00,81,119,31,66,3,0.8,17.4,59
2026/3/14 17:00,76,110,37,60,3,0.7,16.1,65
2026/3/14 18:00,70,100,45,54,3,0.6,14.4,73
2026/3/14 19:00,64,90,53,48,3,0.5,12.7,81
2026/3/14 20:00,59,82,60,43,2,0.5,11.2,87
2026/3/14 21:00,56,77,66,39,2,0.4,10.1,91
2026/3/14 22:00,54,73,70,37,2,0.4,9.4,94
2026/3/14 23:00,53,71,72,36,2,0.3,9,96
2026/3/15 0:00,52,69,74,35,2,0.3,8.7,98
2026/3/15 1:00,51,67,76,34,2,0.3,8.5,99
2026/3/15 2:00,50,65,77,33,2,0.3,8.3,100
2026/3/15 3:00,50,65,77,33,2,0.3,8.2,100
2026/3/15 4:00,51,67,75,34,2,0.3,8.4,99
2026/3/15 5:00,53,71,71,36,2,0.4,9,97
2026/3/15 6:00,58,79,63,41,2,0.4,10.2,92
2026/3/15 7:00,64,89,54,47,3,0.5,11.8,85
2026/3/15 8:00,70,98,46,53,3,0.6,13.4,78
2026/3/15 9:00,76,108,38,59,3,0.7,15,71
2026/3/15 10:00,80,116,32,64,4,0.8,16.4,65
2026/3/15 11:00,83,121,28,67,4,0.8,17.5,60
2026/3/15 12:00,85,125,26,69,4,0.9,18.2,57
2026/3/15 13:00,86,127,25,70,4,0.9,18.5,56
2026/3/15 14:00,86,127,25,70,4,0.9,18.6,55
2026/3/15 15:00,85,125,26,69,4,0.9,18.3,57
2026/3/15 16:00,82,120,30,66,3,0.8,17.5,60
2026/3/15 17:00,77,111,36,60,3,0.7,16.2,66
2026/3/15 18:00,71,101,44,54,3,0.6,14.5,74
2026/3/15 19:00,65,91,52,48,3,0.5,12.8,82
2026/3/15 20:00,60,83,59,43,2,0.5,11.3,88
2026/3/15 21:00,57,78,65,39,2,0.4,10.2,92
2026/3/15 22:00,55,74,69,37,2,0.4,9.5,95
2026/3/15 23:00,54,72,71,36,2,0.3,9.1,97
2026/3/16 0:00,53,70,73,35,2,0.3,8.8,99
2026/3/16 1:00,52,68,75,34,2,0.3,8.6,100
2026/3/16 2:00,51,66,76,33,2,0.3,8.4,100
2026/3/16 3:00,51,66,76,33,2,0.3,8.3,100
2026/3/16 4:00,52,68,74,34,2,0.3,8.5,100
2026/3/16 5:00,54,72,70,36,2,0.4,9.1,98
2026/3/16 6:00,59,80,62,41,2,0.4,10.3,93
2026/3/16 7:00,65,90,53,47,3,0.5,11.9,86
2026/3/16 8:00,71,99,45,53,3,0.6,13.5,79
2026/3/16 9:00,77,109,37,59,3,0.7,15.1,72
2026/3/16 10:00,81,117,31,64,4,0.8,16.5,66
2026/3/16 11:00,84,122,27,67,4,0.8,17.6,61
2026/3/16 12:00,86,126,25,69,4,0.9,18.3,58
2026/3/16 13:00,87,128,24,70,4,0.9,18.6,57
2026/3/16 14:00,87,128,24,70,4,0.9,18.7,56
2026/3/16 15:00,86,126,25,69,4,0.9,18.4,58
2026/3/16 16:00,83,121,29,66,3,0.8,17.6,61
2026/3/16 17:00,78,112,35,60,3,0.7,16.3,67
2026/3/16 18:00,72,102,43,54,3,0.6,14.6,75
2026/3/16 19:00,66,92,51,48,3,0.5,12.9,83
2026/3/16 20:00,61,84,58,43,2,0.5,11.4,89
2026/3/16 21:00,58,79,64,39,2,0.4,10.3,93
2026/3/16 22:00,56,75,68,37,2,0.4,9.6,96
2026/3/16 23:00,55,73,70,36,2,0.3,9.2,98
2026/3/17 0:00,54,71,72,35,2,0.3,8.9,100
2026/3/17 1:00,53,69,74,34,2,0.3,8.7,100
2026/3/17 2:00,52,67,75,33,2,0.3,8.5,100
2026/3/17 3:00,52,67,75,33,2,0.3,8.4,100
2026/3/17 4:00,53,69,73,34,2,0.3,8.6,100
2026/3/17 5:00,55,73,69,36,2,0.4,9.2,99
2026/3/17 6:00,60,81,61,41,2,0.4,10.4,94
2026/3/17 7:00,66,91,52,47,3,0.5,12,87
2026/3/17 8:00,72,100,44,53,3,0.6,13.6,80
2026/3/17 9:00,78,110,36,59,3,0.7,15.2,73
2026/3/17 10:00,82,118,30,64,4,0.8,16.6,67
2026/3/17 11:00,85,123,26,67,4,0.8,17.7,62
2026/3/17 12:00,87,127,24,69,4,0.9,18.4,59
2026/3/17 13:00,88,129,23,70,4,0.9,18.7,58
2026/3/17 14:00,88,129,23,70,4,0.9,18.8,57
2026/3/17 15:00,87,127,24,69,4,0.9,18.5,59
2026/3/17 16:00,84,122,28,66,3,0.8,17.7,62
2026/3/17 17:00,79,113,34,60,3,0.7,16.4,68
2026/3/17 18:00,73,103,42,54,3,0.6,14.7,76
2026/3/17 19:00,67,93,50,48,3,0.5,13,84
2026/3/17 20:00,62,85,57,43,2,0.5,11.5,90
2026/3/17 21:00,59,80,63,39,2,0.4,10.4,94
2026/3/17 22:00,57,76,67,37,2,0.4,9.7,97
2026/3/17 23:00,56,74,69,36,2,0.3,9.3,99
2026/3/18 0:00,55,72,71,35,2,0.3,9,100
2026/3/18 1:00,54,70,73,34,2,0.3,8.8,100
2026/3/18 2:00,53,68,74,33,2,0.3,8.6,100
2026/3/18 3:00,53,68,74,33,2,0.3,8.5,100
2026/3/18 4:00,54,70,72,34,2,0.3,8.7,100
2026/3/18 5:00,56,74,68,36,2,0.4,9.3,99
2026/3/18 6:00,61,82,60,41,2,0.4,10.5,95
2026/3/18 7:00,67,92,51,47,3,0.5,12.1,88
2026/3/18 8:00,73,101,43,53,3,0.6,13.7,81
2026/3/18 9:00,79,111,35,59,3,0.7,15.3,74
2026/3/18 10:00,83,119,29,64,4,0.8,16.7,68
2026/3/18 11:00,86,124,25,67,4,0.8,17.8,63
2026/3/18 12:00,88,128,23,69,4,0.9,18.5,60
2026/3/18 13:00,89,130,22,70,4,0.9,18.8,59
2026/3/18 14:00,89,130,22,70,4,0.9,18.9,58
2026/3/18 15:00,88,128,23,69,4,0.9,18.6,60
2026/3/18 16:00,85,123,27,66,3,0.8,17.8,63
2026/3/18 17:00,80,114,33,60,3,0.7,16.5,69
2026/3/18 18:00,74,104,41,54,3,0.6,14.8,77
2026/3/18 19:00,68,94,49,48,3,0.5,13.1,85
2026/3/18 20:00,63,86,56,43,2,0.5,11.6,91
2026/3/18 21:00,60,81,62,39,2,0.4,10.5,95
2026/3/18 22:00,58,77,66,37,2,0.4,9.8,98
2026/3/18 23:00,57,75,68,36,2,0.3,9.4,100
2026/3/19 0:00,56,73,70,35,2,0.3,9.1,100
2026/3/19 1:00,55,71,72,34,2,0.3,8.9,100
2026/3/19 2:00,54,69,73,33,2,0.3,8.7,100
2026/3/19 3:00,54,69,73,33,2,0.3,8.6,100
2026/3/19 4:00,55,71,71,34,2,0.3,8.8,100
2026/3/19 5:00,57,75,67,36,2,0.4,9.4,100
2026/3/19 6:00,62,83,59,41,2,0.4,10.6,96
2026/3/19 7:00,68,93,50,47,3,0.5,12.2,89
2026/3/19 8:00,74,102,42,53,3,0.6,13.8,82
2026/3/19 9:00,80,112,34,59,3,0.7,15.4,75
2026/3/19 10:00,84,120,28,64,4,0.8,16.8,69
2026/3/19 11:00,87,125,24,67,4,0.8,17.9,64
2026/3/19 12:00,89,129,22,69,4,0.9,18.6,61
2026/3/19 13:00,90,131,21,70,4,0.9,18.9,60
2026/3/19 14:00,90,131,21,70,4,0.9,19,59
2026/3/19 15:00,89,129,22,69,4,0.9,18.7,61
2026/3/19 16:00,86,124,26,66,3,0.8,17.9,64
2026/3/19 17:00,81,115,32,60,3,0.7,16.6,70
2026/3/19 18:00,75,105,40,54,3,0.6,14.9,78
2026/3/19 19:00,69,95,48,48,3,0.5,13.2,86
2026/3/19 20:00,64,87,55,43,2,0.5,11.7,92
2026/3/19 21:00,61,82,61,39,2,0.4,10.6,96
2026/3/19 22:00,59,78,65,37,2,0.4,9.9,99
2026/3/19 23:00,58,76,67,36,2,0.3,9.5,100
2026/3/20 0:00,57,74,69,35,2,0.3,9.2,100
2026/3/20 1:00,56,72,71,34,2,0.3,9,100
2026/3/20 2:00,55,70,72,33,2,0.3,8.8,100
2026/3/20 3:00,55,70,72,33,2,0.3,8.7,100
2026/3/20 4:00,56,72,70,34,2,0.3,8.9,100
2026/3/20 5:00,58,76,66,36,2,0.4,9.5,100
2026/3/20 6:00,63,84,58,41,2,0.4,10.7,97
2026/3/20 7:00,69,94,49,47,3,0.5,12.3,90
2026/3/20 8:00,75,103,41,53,3,0.6,13.9,83
2026/3/20 9:00,81,113,33,59,3,0.7,15.5,76
2026/3/20 10:00,85,121,27,64,4,0.8,16.9,70
2026/3/20 11:00,88,126,23,67,4,0.8,18,65
2026/3/20 12:00,90,130,21,69,4,0.9,18.7,62
2026/3/20 13:00,91,132,20,70,4,0.9,19,61
2026/3/20 14:00,91,132,20,70,4,0.9,19.1,60
2026/3/20 15:00,90,130,21,69,4,0.9,18.8,62
2026/3/20 16:00,87,125,25,66,3,0.8,18,65
2026/3/20 17:00,82,116,31,60,3,0.7,16.7,71
2026/3/20 18:00,76,106,39,54,3,0.6,15,79
2026/3/20 19:00,70,96,47,48,3,0.5,13.3,87
2026/3/20 20:00,65,88,54,43,2,0.5,11.8,93
2026/3/20 21:00,62,83,60,39,2,0.4,10.7,97
2026/3/20 22:00,60,79,64,37,2,0.4,10,100
2026/3/20 23:00,59,77,66,36,2,0.3,9.6,100
2026/3/21 0:00,58,75,68,35,2,0.3,9.3,100
2026/3/21 1:00,57,73,70,34,2,0.3,9.1,100
2026/3/21 2:00,56,71,71,33,2,0.3,8.9,100
2026/3/21 3:00,56,71,71,33,2,0.3,8.8,100
2026/3/21 4:00,57,73,69,34,2,0.3,9,100
2026/3/21 5:00,59,77,65,36,2,0.4,9.6,100
2026/3/21 6:00,64,85,57,41,2,0.4,10.8,98
2026/3/21 7:00,70,95,48,47,3,0.5,12.4,91
2026/3/21 8:00,76,104,40,53,3,0.6,14,84
2026/3/21 9:00,82,114,32,59,3,0.7,15.6,77
2026/3/21 10:00,86,122,26,64,4,0.8,17,71
2026/3/21 11:00,89,127,22,67,4,0.8,18.1,66
2026/3/21 12:00,91,131,20,69,4,0.9,18.8,63
2026/3/21 13:00,92,133,19,70,4,0.9,19.1,62
2026/3/21 14:00,92,133,19,70,4,0.9,19.2,61
2026/3/21 15:00,91,131,20,69,4,0.9,18.9,63
2026/3/21 16:00,88,126,24,66,3,0.8,18.1,66
2026/3/21 17:00,83,117,30,60,3,0.7,16.8,72
2026/3/21 18:00,77,107,38,54,3,0.6,15.1,80
2026/3/21 19:00,71,97,46,48,3,0.5,13.4,88
2026/3/21 20:00,66,89,53,43,2,0.5,11.9,94
2026/3/21 21:00,63,84,59,39,2,0.4,10.8,98
2026/3/21 22:00,61,80,63,37,2,0.4,10.1,100
2026/3/21 23:00,60,78,65,36,2,0.3,9.7,100
2026/3/22 0:00,59,76,67,35,2,0.3,9.4,100
2026/3/22 1:00,58,74,69,34,2,0.3,9.2,100
2026/3/22 2:00,57,72,70,33,2,0.3,9,100
2026/3/22 3:00,57,72,70,33,2,0.3,8.8,100
2026/3/22 4:00,57,73,69,34,2,0.3,9,100
2026/3/22 5:00,59,77,65,36,2,0.4,9.6,100
2026/3/22 6:00,64,85,57,41,2,0.4,10.8,98
2026/3/22 7:00,70,95,48,47,3,0.5,12.4,91
2026/3/22 8:00,76,104,40,53,3,0.6,14,84
2026/3/22 9:00,82,114,32,59,3,0.7,15.6,77
2026/3/22 10:00,86,122,26,64,4,0.8,17,71
2026/3/22 11:00,89,127,22,67,4,0.8,18.1,66
2026/3/22 12:00,91,131,20,69,4,0.9,18.8,63
2026/3/22 13:00,92,133,19,70,4,0.9,19.1,62
2026/3/22 14:00,92,133,19,70,4,0.9,19.2,61
2026/3/22 15:00,91,131,20,69,4,0.9,18.9,63
2026/3/22 16:00,88,126,24,66,3,0.8,18.1,66
2026/3/22 17:00,83,117,30,60,3,0.7,16.8,72
2026/3/22 18:00,77,107,38,54,3,0.6,15.1,80
2026/3/22 19:00,71,97,46,48,3,0.5,13.4,88
2026/3/22 20:00,66,89,53,43,2,0.5,11.9,94
2026/3/22 21:00,63,84,59,39,2,0.4,10.8,98
2026/3/22 22:00,61,80,63,37,2,0.4,10.1,100
2026/3/22 23:00,60,78,65,36,2,0.3,9.7,100
2026/3/23 0:00,59,76,67,35,2,0.3,9.4,100
2026/3/23 1:00,58,74,69,34,2,0.3,9.2,100
2026/3/23 2:00,57,72,70,33,2,0.3,9,100
2026/3/23 3:00,57,72,70,33,2,0.3,8.9,100
2026/3/23 4:00,58,74,68,34,2,0.3,9.1,100
2026/3/23 5:00,60,78,64,36,2,0.4,9.7,99
2026/3/23 6:00,65,87,56,41,2,0.4,10.9,92
2026/3/23 7:00,71,97,47,47,3,0.5,12.5,85
2026/3/23 8:00,77,106,39,53,3,0.6,14.1,78
2026/3/23 9:00,83,116,31,59,3,0.7,15.7,71
2026/3/23 10:00,87,124,25,64,4,0.8,17.1,65
2026/3/23 11:00,90,129,21,67,4,0.8,18.2,60
2026/3/23 12:00,92,133,19,69,4,0.9,18.9,57
2026/3/23 13:00,93,135,18,70,4,0.9,19.2,56
2026/3/23 14:00,93,135,18,70,4,0.9,19.3,55
2026/3/23 15:00,92,133,19,69,4,0.9,19,57
2026/3/23 16:00,89,128,23,66,3,0.8,18.2,60
2026/3/23 17:00,84,119,29,60,3,0.7,16.9,66
2026/3/23 18:00,78,109,37,54,3,0.6,15.2,74
2026/3/23 19:00,72,99,45,48,3,0.5,13.5,82
2026/3/23 20:00,67,91,52,43,2,0.5,12,88
2026/3/23 21:00,64,86,58,39,2,0.4,10.9,92
2026/3/23 22:00,62,82,62,37,2,0.4,10.2,96
2026/3/23 23:00,61,80,64,36,2,0.3,9.8,98
2026/3/24 0:00,60,78,66,35,2,0.3,9.5,100
2026/3/24 1:00,59,76,68,34,2,0.3,9.3,100
2026/3/24 2:00,58,74,69,33,2,0.3,9.1,100
2026/3/24 3:00,58,74,69,33,2,0.3,9,100
2026/3/24 4:00,59,76,67,34,2,0.3,9.2,100
2026/3/24 5:00,61,80,63,36,2,0.4,9.8,99
2026/3/24 6:00,66,89,55,41,2,0.4,11,92
2026/3/24 7:00,72,99,46,47,3,0.5,12.6,85
2026/3/24 8:00,78,108,38,53,3,0.6,14.2,78
2026/3/24 9:00,84,118,30,59,3,0.7,15.8,71
2026/3/24 10:00,88,126,24,64,4,0.8,17.2,65
2026/3/24 11:00,91,131,20,67,4,0.8,18.3,60
2026/3/24 12:00,93,135,18,69,4,0.9,19,57
2026/3/24 13:00,94,137,17,70,4,0.9,19.3,56
2026/3/24 14:00,94,137,17,70,4,0.9,19.4,55
2026/3/24 15:00,93,135,18,69,4,0.9,19.1,57
2026/3/24 16:00,90,130,22,66,3,0.8,18.3,60
2026/3/24 17:00,85,121,28,60,3,0.7,17,66
2026/3/24 18:00,79,111,36,54,3,0.6,15.3,74
2026/3/24 19:00,73,101,44,48,3,0.5,13.6,82
2026/3/24 20:00,68,93,51,43,2,0.5,12.1,88
2026/3/24 21:00,65,88,57,39,2,0.4,11,92
2026/3/24 22:00,63,84,61,37,2,0.4,10.3,96
2026/3/24 23:00,62,82,63,36,2,0.3,9.9,98
2026/3/25 0:00,61,80,65,35,2,0.3,9.6,100
2026/3/25 1:00,60,78,67,34,2,0.3,9.4,100
2026/3/25 2:00,59,76,68,33,2,0.3,9.2,100
2026/3/25 3:00,59,76,68,33,2,0.3,9.1,100
2026/3/25 4:00,60,78,66,34,2,0.3,9.3,100
2026/3/25 5:00,62,82,62,36,2,0.4,9.9,99
2026/3/25 6:00,67,91,54,41,2,0.4,11.1,92
2026/3/25 7:00,73,101,45,47,3,0.5,12.7,85
2026/3/25 8:00,79,110,37,53,3,0.6,14.3,78
2026/3/25 9:00,85,120,29,59,3,0.7,15.9,71
2026/3/25 10:00,89,128,23,64,4,0.8,17.3,65
2026/3/25 11:00,92,133,19,67,4,0.8,18.4,60
2026/3/25 12:00,94,137,17,69,4,0.9,19.1,57
2026/3/25 13:00,95,139,16,70,4,0.9,19.4,56
2026/3/25 14:00,95,139,16,70,4,0.9,19.5,55
2026/3/25 15:00,94,137,17,69,4,0.9,19.2,57
2026/3/25 16:00,91,132,21,66,3,0.8,18.4,60
2026/3/25 17:00,86,123,27,60,3,0.7,17.1,66
2026/3/25 18:00,80,113,35,54,3,0.6,15.4,74
2026/3/25 19:00,74,103,43,48,3,0.5,13.7,82
2026/3/25 20:00,69,95,50,43,2,0.5,12.2,88
2026/3/25 21:00,66,90,56,39,2,0.4,11.1,92
2026/3/25 22:00,64,86,60,37,2,0.4,10.4,96
2026/3/25 23:00,63,84,62,36,2,0.3,10,98
2026/3/26 0:00,62,82,64,35,2,0.3,9.7,100
2026/3/26 1:00,61,80,66,34,2,0.3,9.5,100
2026/3/26 2:00,60,78,67,33,2,0.3,9.3,100
2026/3/26 3:00,60,78,67,33,2,0.3,9.2,100
2026/3/26 4:00,61,80,65,34,2,0.3,9.4,100
2026/3/26 5:00,63,84,61,36,2,0.4,10,99
2026/3/26 6:00,68,93,53,41,2,0.4,11.2,92
2026/3/26 7:00,74,103,44,47,3,0.5,12.8,85
2026/3/26 8:00,80,112,36,53,3,0.6,14.4,78
2026/3/26 9:00,86,122,28,59,3,0.7,16,71
2026/3/26 10:00,90,130,22,64,4,0.8,17.4,65
2026/3/26 11:00,93,135,18,67,4,0.8,18.5,60
2026/3/26 12:00,95,139,16,69,4,0.9,19.2,57
2026/3/26 13:00,96,141,15,70,4,0.9,19.5,56
2026/3/26 14:00,96,141,15,70,4,0.9,19.6,55
2026/3/26 15:00,95,139,16,69,4,0.9,19.3,57
2026/3/26 16:00,92,134,20,66,3,0.8,18.5,60
2026/3/26 17:00,87,125,26,60,3,0.7,17.2,66
2026/3/26 18:00,81,115,34,54,3,0.6,15.5,74
2026/3/26 19:00,75,105,42,48,3,0.5,13.8,82
2026/3/26 20:00,70,97,49,43,2,0.5,12.3,88
2026/3/26 21:00,67,92,55,39,2,0.4,11.2,92
2026/3/26 22:00,65,88,59,37,2,0.4,10.5,96
2026/3/26 23:00,64,86,61,36,2,0.3,10.1,98
2026/3/27 0:00,63,84,63,35,2,0.3,9.8,100
2026/3/27 1:00,62,82,65,34,2,0.3,9.6,100
2026/3/27 2:00,61,80,66,33,2,0.3,9.4,100
2026/3/27 3:00,61,80,66,33,2,0.3,9.3,100
2026/3/27 4:00,62,82,64,34,2,0.3,9.5,100
2026/3/27 5:00,64,86,60,36,2,0.4,10.1,99
2026/3/27 6:00,69,95,52,41,2,0.4,11.3,92
2026/3/27 7:00,75,105,43,47,3,0.5,12.9,85
2026/3/27 8:00,81,114,35,53,3,0.6,14.5,78
2026/3/27 9:00,87,124,27,59,3,0.7,16.1,71
2026/3/27 10:00,91,132,21,64,4,0.8,17.5,65
2026/3/27 11:00,94,137,17,67,4,0.8,18.6,60
2026/3/27 12:00,96,141,15,69,4,0.9,19.3,57
2026/3/27 13:00,97,143,14,70,4,0.9,19.6,56
2026/3/27 14:00,97,143,14,70,4,0.9,19.7,55
2026/3/27 15:00,96,141,15,69,4,0.9,19.4,57
2026/3/27 16:00,93,136,19,66,3,0.8,18.6,60
2026/3/27 17:00,88,127,25,60,3,0.7,17.3,66
2026/3/27 18:00,82,117,33,54,3,0.6,15.6,74
2026/3/27 19:00,76,107,41,48,3,0.5,13.9,82
2026/3/27 20:00,71,99,48,43,2,0.5,12.4,88
2026/3/27 21:00,68,94,54,39,2,0.4,11.3,92
2026/3/27 22:00,66,90,58,37,2,0.4,10.6,96
2026/3/27 23:00,65,88,60,36,2,0.3,10.2,98
2026/3/28 0:00,64,86,62,35,2,0.3,9.9,100
2026/3/28 1:00,63,84,64,34,2,0.3,9.7,100
2026/3/28 2:00,62,82,65,33,2,0.3,9.5,100
2026/3/28 3:00,62,82,65,33,2,0.3,9.4,100
2026/3/28 4:00,63,84,63,34,2,0.3,9.6,100
2026/3/28 5:00,65,88,59,36,2,0.4,10.2,99
2026/3/28 6:00,70,97,51,41,2,0.4,11.4,92
2026/3/28 7:00,76,107,42,47,3,0.5,13,85
2026/3/28 8:00,82,116,34,53,3,0.6,14.6,78
2026/3/28 9:00,88,126,26,59,3,0.7,16.2,71
2026/3/28 10:00,92,134,20,64,4,0.8,17.6,65
2026/3/28 11:00,95,139,16,67,4,0.8,18.7,60
2026/3/28 12:00,97,143,14,69,4,0.9,19.4,57
2026/3/28 13:00,98,145,13,70,4,0.9,19.7,56
2026/3/28 14:00,98,145,13,70,4,0.9,19.8,55
2026/3/28 15:00,97,143,14,69,4,0.9,19.5,57
2026/3/28 16:00,94,138,18,66,3,0.8,18.7,60
2026/3/28 17:00,89,129,24,60,3,0.7,17.4,66
2026/3/28 18:00,83,119,32,54,3,0.6,15.7,74
2026/3/28 19:00,77,109,40,48,3,0.5,14,82
2026/3/28 20:00,72,101,47,43,2,0.5,12.5,88
2026/3/28 21:00,69,96,53,39,2,0.4,11.4,92
2026/3/28 22:00,67,92,57,37,2,0.4,10.7,96
2026/3/28 23:00,66,90,59,36,2,0.3,10.3,98
2026/3/29 0:00,65,88,61,35,2,0.3,10,100
2026/3/29 1:00,64,86,63,34,2,0.3,9.8,100
2026/3/29 2:00,63,84,64,33,2,0.3,9.6,100
2026/3/29 3:00,63,84,64,33,2,0.3,9.5,100
2026/3/29 4:00,64,86,62,34,2,0.3,9.7,100
2026/3/29 5:00,66,90,58,36,2,0.4,10.3,99
2026/3/29 6:00,71,99,50,41,2,0.4,11.5,92
2026/3/29 7:00,77,109,41,47,3,0.5,13.1,85
2026/3/29 8:00,83,118,33,53,3,0.6,14.7,78
2026/3/29 9:00,89,128,25,59,3,0.7,16.3,71
2026/3/29 10:00,93,136,19,64,4,0.8,17.7,65
2026/3/29 11:00,96,141,15,67,4,0.8,18.8,60
2026/3/29 12:00,98,145,13,69,4,0.9,19.5,57
2026/3/29 13:00,99,147,12,70,4,0.9,19.8,56
2026/3/29 14:00,99,147,12,70,4,0.9,19.9,55
2026/3/29 15:00,98,145,13,69,4,0.9,19.6,57
2026/3/29 16:00,95,140,17,66,3,0.8,18.8,60
2026/3/29 17:00,90,131,23,60,3,0.7,17.5,66
2026/3/29 18:00,84,121,31,54,3,0.6,15.8,74
2026/3/29 19:00,78,111,39,48,3,0.5,14.1,82
2026/3/29 20:00,73,103,46,43,2,0.5,12.6,88
2026/3/29 21:00,70,98,52,39,2,0.4,11.5,92
2026/3/29 22:00,68,94,56,37,2,0.4,10.8,96
2026/3/29 23:00,67,92,58,36,2,0.3,10.4,98
2026/3/30 0:00,66,90,60,35,2,0.3,10.1,100
2026/3/30 1:00,65,88,62,34,2,0.3,9.9,100
2026/3/30 2:00,64,86,63,33,2,0.3,9.7,100
2026/3/30 3:00,64,86,63,33,2,0.3,9.6,100
2026/3/30 4:00,65,88,61,34,2,0.3,9.8,100
2026/3/30 5:00,67,92,57,36,2,0.4,10.4,99
2026/3/30 6:00,72,101,49,41,2,0.4,11.6,92
2026/3/30 7:00,78,111,40,47,3,0.5,13.2,85
2026/3/30 8:00,84,120,32,53,3,0.6,14.8,78
2026/3/30 9:00,90,130,24,59,3,0.7,16.4,71
2026/3/30 10:00,94,138,18,64,4,0.8,17.8,65
2026/3/30 11:00,97,143,14,67,4,0.8,18.9,60
2026/3/30 12:00,99,147,12,69,4,0.9,19.6,57
2026/3/30 13:00,100,149,11,70,4,0.9,19.9,56
2026/3/30 14:00,100,149,11,70,4,0.9,20,55
2026/3/30 15:00,99,147,12,69,4,0.9,19.7,57
2026/3/30 16:00,96,142,16,66,3,0.8,18.9,60
2026/3/30 17:00,91,133,22,60,3,0.7,17.6,66
2026/3/30 18:00,85,123,30,54,3,0.6,15.9,74
2026/3/30 19:00,79,113,38,48,3,0.5,14.2,82
2026/3/30 20:00,74,105,45,43,2,0.5,12.7,88
2026/3/30 21:00,71,100,51,39,2,0.4,11.6,92
2026/3/30 22:00,69,96,55,37,2,0.4,10.9,96
2026/3/30 23:00,68,94,57,36,2,0.3,10.5,98
2026/3/31 0:00,67,92,59,35,2,0.3,10.2,100
2026/3/31 1:00,66,90,61,34,2,0.3,10,100
2026/3/31 2:00,65,88,62,33,2,0.3,9.8,100
2026/3/31 3:00,65,88,62,33,2,0.3,9.7,100
2026/3/31 4:00,66,90,60,34,2,0.3,9.9,100
2026/3/31 5:00,68,94,56,36,2,0.4,10.5,99
2026/3/31 6:00,73,103,48,41,2,0.4,11.7,92
2026/3/31 7:00,79,113,39,47,3,0.5,13.3,85
2026/3/31 8:00,85,122,31,53,3,0.6,14.9,78
2026/3/31 9:00,91,132,23,59,3,0.7,16.5,71
2026/3/31 10:00,95,140,17,64,4,0.8,17.9,65
2026/3/31 11:00,98,145,13,67,4,0.8,19,60
2026/3/31 12:00,100,149,11,69,4,0.9,19.7,57
2026/3/31 13:00,101,151,10,70,4,0.9,20,56
2026/3/31 14:00,101,151,10,70,4,0.9,20.1,55
2026/3/31 15:00,100,149,11,69,4,0.9,19.8,57
2026/3/31 16:00,97,144,15,66,3,0.8,19,60
2026/3/31 17:00,92,135,21,60,3,0.7,17.7,66
2026/3/31 18:00,86,125,29,54,3,0.6,16,74
2026/3/31 19:00,80,115,37,48,3,0.5,14.3,82
2026/3/31 20:00,75,107,44,43,2,0.5,12.8,88
2026/3/31 21:00,72,102,50,39,2,0.4,11.7,92
2026/3/31 22:00,70,98,54,37,2,0.4,11,96
2026/3/31 23:00,69,96,56,36,2,0.3,10.6,98
